Simulation Time,Red_delay,Pie_delay,CoDel_delay,FqCoDel_delay,Cobalt_delay,dAQM9_delay,dAQM10_delay,dAQM11_delay
0.1,33.3799,36.6535,27.8456,37.2259,36.3083,33.2947,33.2947,41.4049
0.2,118.571,127.628,118.729,131.094,126.614,111.041,111.041,115.148
0.3,186.186,192.178,186.568,190.688,188.642,186.594,186.594,178.82
0.4,221.391,221.893,212.037,212.781,215.029,218.361,218.361,218.511
0.5,230.625,230.898,223.339,222.304,227.98,226.946,226.946,231.352
0.6,264.237,264.57,261.966,268.297,263.65,255.291,255.291,259.657
0.7,270.033,270.171,265.347,272.762,271.605,260.566,260.566,262.24
0.8,270.033,270.171,265.347,272.762,271.605,260.566,260.566,262.24
0.9,270.033,270.171,265.347,272.762,271.605,260.566,260.566,262.24
1.0,270.033,270.171,265.347,272.762,271.605,260.566,260.566,262.24
1.1,270.033,270.171,265.347,272.762,271.605,260.566,260.566,262.24
1.2,270.033,270.171,265.347,272.762,271.605,260.566,260.566,262.24
1.3,270.033,270.171,265.347,272.762,271.605,260.566,260.566,262.24
1.4,270.033,270.171,265.347,272.762,271.605,260.566,260.566,262.24
1.5,270.033,270.171,265.347,272.762,271.605,260.566,260.566,262.24
1.6,270.033,270.171,265.347,272.762,271.605,260.566,260.566,262.24
1.7,270.033,270.171,265.347,272.762,271.605,260.566,260.566,262.24
1.8,270.033,270.171,265.347,272.762,271.605,260.566,260.566,262.24
1.9,270.033,270.171,265.347,272.762,271.605,260.566,260.566,262.24
2.0,270.033,270.171,265.347,272.762,271.605,260.566,260.566,262.24
2.1,270.033,270.171,265.347,272.762,271.605,260.566,260.566,262.24
2.2,270.033,270.171,265.347,272.762,271.605,260.566,260.566,262.24
2.3,270.033,270.171,265.347,272.762,271.605,260.566,260.566,262.24
2.4,270.033,270.171,265.347,272.762,271.605,260.566,260.566,262.24
2.5,270.033,270.171,265.347,272.762,271.605,260.566,260.566,262.24
2.6,270.033,270.171,265.347,272.762,271.605,260.566,260.566,262.24
2.7,270.033,270.171,265.347,272.762,271.605,260.566,260.566,262.24
2.8,270.033,270.171,265.347,272.762,271.605,260.566,260.566,262.24
2.9,270.033,270.171,265.347,272.762,271.605,260.566,260.566,262.24
3.0,270.033,270.171,265.347,272.762,271.605,260.566,260.566,262.24
3.1,223.957,222.504,218.176,230.891,225.625,218.012,218.012,216.037
3.2,194.965,195.8,188.921,205.631,192.745,195.167,195.167,195.499
3.3,181.146,186.513,183.775,205.334,181.157,196.355,196.355,184.342
3.4,175.541,194.053,190.813,208.707,192.546,201.171,201.171,185.812
3.5,181.456,204.611,198.834,217.853,200.294,210.182,210.182,194.534
3.6,191.779,217.058,211.691,230.595,212.039,221.216,221.216,204.711
3.7,205.686,232.499,226.015,244.259,227.634,233.867,233.867,215.181
3.8,220.887,248.661,243.379,258.737,245.969,248.682,248.682,229.234
3.9,236.568,266.116,262.133,274.332,263.541,262.971,262.971,247.454
4.0,251.875,287.611,284.899,290.64,282.421,283.028,283.028,262.911
4.1,270.714,308.533,305.106,309.216,302.59,301.27,301.27,281.631
4.2,292.696,328.715,326.332,325.718,326.474,325.923,325.923,300.081
4.3,315.894,349.59,349.071,346.32,348.594,347.221,347.221,320.87
4.4,342.547,370.814,378.735,367.597,377.375,371.172,371.172,339.879
4.5,369.731,395.063,403.948,393.229,401.647,393.805,393.805,360.721
4.6,394.183,418.885,426.612,422.354,435.084,414.802,414.802,378.009
4.7,418.687,446.232,451.73,442.772,462.247,435.384,435.384,403.3
4.8,449.008,472.744,478.181,467.82,490.889,462.124,462.124,422.618
4.9,472.142,499.087,509.908,489.475,520.808,489.836,489.836,444.86
5.0,499.962,525.883,540.479,514.265,548.634,518.406,518.406,471.917
5.1,527.203,557.316,563.521,536.492,573.761,543.378,543.378,498.983
5.2,556.447,590.045,588.793,559.855,603.921,578.04,578.04,528.577
5.3,585.319,618.259,626.345,583.994,637.181,604.92,604.92,561.45
5.4,618.296,651.641,654.991,613.636,663.489,636.385,636.385,594.415
5.5,645.321,678.704,685.655,646.265,695.373,665.133,665.133,628.153
5.6,672.762,706.493,717.003,683.801,727.56,700.042,700.042,670.308
5.7,702.486,742.171,751.176,710.129,759.801,726.111,726.111,697.016
5.8,731.508,767.483,779.35,746.008,792.677,751.029,751.029,726.423
5.9,765.212,794.338,810.341,772.14,822.946,781.935,781.935,760.286
6.0,792.002,828.01,854.566,799.056,861.231,824.478,824.478,796.483
6.1,818.816,859.337,889.715,833.749,899.333,857.511,857.511,830.378
6.2,854.609,898.569,926.979,857.487,935.397,892.605,892.605,858.177
6.3,882.675,933.202,961.927,902.911,968.757,921.508,921.508,886.715
6.4,910.948,970.086,1002.91,927.903,996.712,960.842,960.842,912.1
6.5,946.776,1010.59,1034.99,977.841,1025.48,1000.3,1000.3,951.176
6.6,982.413,1047.35,1069.68,1007.88,1057.97,1034.25,1034.25,978.158
6.7,1013.18,1074.37,1100.65,1036.83,1085.63,1072.55,1072.55,1008.47
6.8,1045.17,1101.8,1134.42,1069.64,1124.6,1117.96,1117.96,1037.05
6.9,1074.95,1127.09,1171.48,1105.59,1152.97,1146.84,1146.84,1069.33
7.0,1115.87,1163.25,1202.3,1140.79,1189.67,1173.83,1173.83,1099.49
7.1,1140.76,1192.92,1234.41,1168.54,1227.35,1217.48,1217.48,1123.51
7.2,1177.74,1227.37,1292.33,1192.17,1267.27,1252.85,1252.85,1153.29
7.3,1208.72,1258.59,1326.66,1222.25,1307.15,1277.81,1277.81,1190.95
7.4,1242.33,1298.72,1361.61,1263.65,1336.52,1308.02,1308.02,1224.01
7.5,1277.34,1330.14,1404.08,1290.96,1364.85,1342.46,1342.46,1255.98
7.6,1306.46,1360.75,1439.16,1316.0,1390.77,1369.29,1369.29,1282.62
7.7,1338.62,1396.15,1477.56,1342.23,1421.11,1405.69,1405.69,1312.79
7.8,1368.16,1423.99,1517.24,1371.08,1456.6,1431.22,1431.22,1346.71
7.9,1393.89,1465.73,1553.35,1394.53,1486.57,1464.03,1464.03,1390.2
8.0,1430.79,1508.02,1576.7,1422.83,1527.92,1503.29,1503.29,1419.62
8.1,1459.77,1534.1,1612.4,1446.35,1562.71,1537.34,1537.34,1460.14
8.2,1492.79,1584.0,1642.01,1478.56,1591.44,1567.68,1567.68,1495.27
8.3,1517.38,1618.33,1675.97,1507.04,1615.94,1610.59,1610.59,1528.08
8.4,1546.04,1647.89,1704.75,1539.44,1656.17,1639.24,1639.24,1563.67
8.5,1586.37,1678.74,1727.32,1576.2,1702.19,1666.68,1666.68,1588.13
8.6,1614.9,1712.64,1767.26,1609.08,1753.82,1712.0,1712.0,1619.99
8.7,1645.79,1739.68,1811.41,1642.49,1796.72,1742.66,1742.66,1659.78
8.8,1683.46,1792.37,1841.56,1672.65,1825.65,1783.0,1783.0,1685.17
8.9,1708.9,1833.66,1884.69,1706.68,1861.49,1819.45,1819.45,1717.22
9.0,1761.31,1860.65,1917.77,1743.91,1909.38,1869.1,1869.1,1745.45
9.1,1787.95,1906.56,1947.06,1765.51,1943.71,1904.84,1904.84,1772.46
9.2,1814.63,1947.43,1983.09,1794.39,1978.8,1939.17,1939.17,1806.72
9.3,1847.57,1980.96,2005.44,1833.13,2020.31,1981.19,1981.19,1839.76
9.4,1881.76,2019.2,2035.87,1884.16,2066.06,2018.4,2018.4,1871.1
9.5,1901.11,2070.27,2085.06,1924.52,2100.9,2056.34,2056.34,1898.93
9.6,1936.56,2096.1,2110.9,1974.1,2141.04,2101.92,2101.92,1931.03
9.7,1971.76,2136.72,2147.24,2005.34,2167.54,2137.35,2137.35,1958.79
9.8,1997.7,2181.74,2196.21,2034.16,2205.27,2169.42,2169.42,1996.43
9.9,2035.19,2221.29,2233.21,2064.22,2240.86,2198.43,2198.43,2027.05
10.0,2070.88,2246.45,2265.15,2104.71,2285.13,2247.76,2247.76,2057.47
10.1,2108.37,2281.26,2292.12,2145.88,2323.76,2292.79,2292.79,2088.93
10.2,2142.56,2320.93,2355.01,2185.55,2361.83,2331.69,2331.69,2125.92
10.3,2183.79,2354.87,2401.84,2216.4,2412.96,2365.27,2367.96,2157.22
10.4,2213.79,2388.51,2449.92,2261.13,2464.09,2416.94,2399.08,2200.78
10.5,2245.09,2430.66,2480.68,2296.53,2501.12,2443.81,2429.64,2239.14
10.6,2280.13,2470.02,2524.1,2327.89,2533.11,2495.18,2462.07,2278.93
10.7,2310.8,2500.48,2557.62,2350.66,2568.94,2532.38,2510.57,2312.61
10.8,2347.71,2529.98,2605.05,2377.91,2608.9,2574.17,2549.91,2347.2
10.9,2399.03,2560.1,2647.25,2398.4,2649.07,2614.85,2587.84,2384.81
11.0,2435.62,2585.33,2682.2,2441.29,2690.36,2657.34,2614.12,2417.98
11.1,2476.25,2613.45,2734.38,2476.52,2741.23,2702.55,2657.14,2442.31
11.2,2517.89,2658.06,2789.12,2504.91,2802.77,2745.36,2714.58,2470.49
11.3,2552.85,2683.29,2818.76,2529.31,2831.97,2797.27,2735.63,2521.98
11.4,2582.39,2725.07,2860.79,2566.93,2859.91,2840.18,2774.52,2548.85
11.5,2622.04,2774.09,2886.66,2588.76,2916.52,2882.42,2846.88,2572.26
11.6,2656.78,2813.55,2927.11,2623.78,2975.67,2916.33,2894.02,2606.31
11.7,2699.69,2852.8,2958.17,2649.58,3028.22,2936.85,2916.65,2660.92
11.8,2738.01,2901.71,2989.43,2681.92,3067.51,2973.46,2948.7,2693.68
11.9,2776.07,2945.75,3014.83,2713.57,3089.87,3010.11,2971.3,2725.36
12.0,2804.48,2994.36,3040.39,2737.63,3132.54,3043.01,3001.03,2766.42
12.1,2833.51,3022.42,3068.99,2769.37,3167.4,3083.96,3034.15,2788.02
12.2,2859.47,3061.6,3121.33,2787.34,3186.54,3104.04,3054.7,2820.31
12.3,2895.42,3083.34,3174.54,2801.12,3202.94,3134.11,3086.05,2866.42
12.4,2944.44,3124.54,3194.55,2816.07,3213.23,3154.14,3122.13,2897.45
12.5,2980.5,3149.06,3220.97,2831.64,3221.06,3190.52,3149.93,2927.02
12.6,3010.91,3175.79,3244.6,2851.89,3227.32,3220.74,3186.6,2972.31
12.7,3043.1,3201.24,3278.18,2874.17,3220.74,3245.72,3238.78,2987.9
12.8,3075.65,3234.79,3306.0,2891.5,3213.36,3283.9,3280.4,3007.58
12.9,3116.16,3274.17,3338.62,2906.59,3203.44,3316.09,3312.77,3053.61
13.0,3150.94,3310.56,3382.93,2930.2,3191.31,3346.66,3335.18,3086.45
13.1,3192.43,3341.56,3410.51,2940.61,3179.94,3373.47,3370.76,3109.09
13.2,3241.18,3373.5,3455.61,2945.94,3168.12,3407.48,3397.26,3128.36
13.3,3269.78,3414.32,3475.87,2953.72,3156.55,3426.38,3423.08,3180.08
13.4,3297.79,3439.52,3505.91,2957.42,3145.41,3467.63,3448.72,3220.9
13.5,3327.28,3473.07,3524.1,2964.53,3131.16,3498.48,3485.09,3255.44
13.6,3354.89,3509.88,3548.81,2974.48,3118.32,3526.88,3518.37,3305.16
13.7,3386.32,3541.32,3578.9,2997.72,3098.82,3544.72,3554.27,3350.92
13.8,3413.9,3583.57,3603.43,3010.95,3083.6,3567.38,3597.96,3390.96
13.9,3441.22,3619.51,3623.04,3016.93,3070.92,3595.72,3636.93,3430.1
14.0,3477.45,3654.09,3655.16,3018.24,3052.57,3623.35,3666.48,3455.46
14.1,3494.75,3675.16,3666.34,3021.53,3039.26,3631.17,3689.0,3475.62
14.2,3505.68,3681.02,3684.76,3035.91,3023.14,3662.35,3710.84,3486.06
14.3,3523.91,3737.6,3700.19,3052.51,3007.39,3683.31,3730.0,3501.88
14.4,3555.06,3761.73,3708.01,3066.77,2992.17,3706.05,3746.37,3540.17
14.5,3608.75,3779.91,3720.13,3095.27,2974.65,3725.73,3780.32,3558.99
14.6,3628.31,3815.22,3726.87,3115.37,2958.08,3748.66,3804.22,3595.15
14.7,3656.46,3860.07,3731.23,3118.7,2942.0,3759.68,3809.26,3616.92
14.8,3672.17,3879.55,3746.46,3148.98,2929.4,3783.53,3833.2,3641.63
14.9,3698.4,3892.44,3756.77,3179.67,2917.22,3820.06,3845.97,3656.63
15.0,3720.09,3912.08,3762.75,3192.12,2906.06,3836.6,3857.26,3683.09
15.1,3719.98,3911.44,3784.96,3185.01,2895.4,3864.11,3892.0,3719.48
15.2,3719.85,3910.82,3779.34,3187.5,2884.17,3895.94,3915.8,3767.89
15.3,3719.72,3910.36,3781.04,3209.19,2876.1,3913.1,3931.19,3772.56
15.4,3719.13,3908.89,3781.43,3249.5,2865.4,3925.13,3946.46,3782.39
15.5,3717.96,3908.02,3781.88,3273.88,2854.08,3956.27,3968.67,3798.8
15.6,3716.77,3907.21,3777.67,3321.22,2842.15,3978.61,3985.6,3808.5
15.7,3716.04,3906.1,3773.5,3345.01,2830.4,3996.05,4004.67,3831.49
15.8,3715.17,3904.56,3767.45,3364.64,2820.75,4015.22,4025.64,3856.4
15.9,3714.51,3903.29,3760.98,3417.48,2812.72,4044.35,4051.54,3874.48
16.0,3713.47,3901.88,3753.14,3448.62,2803.2,4061.37,4060.65,3887.44
16.1,3712.83,3901.13,3743.26,3462.72,2793.18,4059.94,4066.59,3924.08
16.2,3712.08,3899.95,3734.82,3508.49,2784.93,4058.13,4067.95,3958.33
16.3,3711.64,3898.23,3724.93,3544.02,2776.61,4056.32,4070.75,3971.9
16.4,3711.45,3897.3,3715.28,3541.68,2768.3,4054.43,4073.98,3992.16
16.5,3710.71,3895.87,3704.35,3610.84,2759.24,4053.31,4077.22,4000.72
16.6,3709.67,3894.58,3691.5,3660.07,2749.68,4052.29,4085.82,4039.36
16.7,3708.88,3892.53,3677.74,3686.19,2744.13,4050.89,4086.53,4044.56
16.8,3708.27,3891.94,3664.93,3736.27,2738.01,4049.72,4108.23,4057.29
16.9,3707.75,3893.03,3650.04,3749.62,2731.53,4048.93,4135.29,4082.69
17.0,3707.47,3893.64,3636.77,3776.69,2722.28,4047.65,4148.85,4122.19
17.1,3707.01,3893.76,3623.96,3774.33,2716.63,4045.69,4147.18,4129.56
17.2,3706.64,3893.92,3609.28,3809.87,2710.8,4044.28,4145.03,4140.94
17.3,3705.97,3893.75,3594.15,3832.28,2705.4,4041.46,4143.63,4158.83
17.4,3704.95,3893.79,3569.98,3880.31,2700.36,4039.37,4140.28,4188.39
17.5,3704.47,3895.67,3554.59,3893.64,2693.86,4037.79,4138.55,4199.61
17.6,3704.14,3896.81,3544.77,3931.11,2687.41,4036.4,4136.4,4206.42
17.7,3703.12,3901.06,3531.69,3992.39,2678.33,4034.75,4133.44,4217.3
17.8,3702.43,3903.59,3519.83,4032.47,2669.98,4032.86,4131.02,4225.54
17.9,3701.72,3906.7,3509.94,4061.42,2661.12,4031.43,4128.18,4238.66
18.0,3701.3,3913.22,3503.02,4089.71,2650.12,4030.3,4126.17,4245.68
18.1,3700.57,3919.41,3493.28,4112.43,2644.73,4029.42,4124.43,4249.84
18.2,3700.15,3923.18,3484.31,4145.57,2636.6,4027.34,4122.52,4252.28
18.3,3699.13,3928.68,3478.3,4173.79,2628.56,4026.2,4121.09,4256.6
18.4,3698.14,3932.47,3470.71,4186.53,2624.38,4024.75,4119.84,4271.04
18.5,3697.29,3936.46,3462.52,4222.3,2618.88,4023.2,4118.48,4277.28
18.6,3696.5,3944.08,3458.09,4223.94,2615.04,4021.72,4116.25,4289.16
18.7,3696.15,3947.33,3453.0,4245.18,2608.92,4020.4,4114.33,4295.06
18.8,3695.55,3948.55,3446.21,4241.12,2604.81,4018.3,4112.34,4313.75
18.9,3695.48,3953.72,3441.72,4264.33,2599.38,4017.04,4110.4,4317.79
19.0,3695.19,3960.86,3435.37,4267.3,2594.2,4016.13,4108.57,4330.09
19.1,3694.52,3969.57,3425.77,4264.08,2590.02,4015.18,4107.29,4330.09
19.2,3694.09,3976.52,3418.2,4259.37,2585.49,4013.62,4105.76,4330.13
19.3,3693.36,3981.63,3408.35,4284.37,2580.89,4012.68,4103.75,4333.88
19.4,3692.2,3985.73,3404.6,4283.95,2576.54,4011.31,4102.16,4335.44
19.5,3691.76,3989.77,3396.15,4292.73,2569.06,4010.49,4101.06,4339.35
19.6,3691.22,3991.05,3390.94,4296.29,2564.4,4009.11,4098.6,4343.02
19.7,3691.02,3998.33,3387.92,4294.26,2558.24,4007.29,4096.85,4345.87
19.8,3690.37,4001.51,3385.02,4291.13,2554.08,4005.58,4095.26,4347.11
19.9,3690.19,4002.82,3380.87,4299.46,2547.1,4004.26,4093.88,4351.98
20.0,3689.78,4008.23,3377.1,4296.43,2544.63,4002.95,4091.94,4354.92
20.1,3689.18,4018.13,3374.37,4295.12,2539.24,4001.12,4089.72,4354.91
20.2,3688.55,4022.57,3372.02,4296.94,2534.64,4000.02,4087.7,4354.28
20.3,3688.12,4026.8,3367.86,4297.16,2530.83,3998.73,4085.76,4353.24
20.4,3687.35,4035.22,3363.68,4298.31,2528.07,3997.07,4083.52,4352.84
20.5,3686.91,4055.31,3360.47,4298.58,2525.29,3995.59,4082.43,4352.56
20.6,3686.39,4060.68,3355.35,4298.74,2522.13,3992.86,4081.01,4351.74
20.7,3685.94,4067.48,3350.4,4295.64,2519.37,3991.04,4079.99,4354.35
20.8,3685.3,4074.35,3344.94,4290.94,2515.42,3989.9,4077.85,4355.59
20.9,3684.6,4076.64,3340.91,4286.82,2512.8,3988.09,4076.25,4363.74
21.0,3683.98,4092.23,3335.83,4290.64,2508.88,3986.95,4075.35,4365.78
21.1,3682.14,4096.57,3328.97,4286.5,2504.05,3986.08,4074.33,4365.08
21.2,3681.5,4112.29,3324.54,4283.88,2501.06,3985.27,4073.23,4365.16
21.3,3680.88,4121.11,3321.47,4282.84,2497.12,3984.24,4072.46,4365.02
21.4,3680.61,4125.86,3317.49,4284.75,2492.01,3982.8,4071.28,4364.06
21.5,3680.14,4129.06,3311.99,4290.2,2487.31,3981.04,4070.47,4363.47
21.6,3679.53,4134.23,3307.22,4291.51,2483.68,3980.01,4068.06,4363.18
21.7,3679.06,4135.46,3300.21,4290.0,2480.14,3978.71,4066.35,4362.66
21.8,3678.66,4135.03,3296.05,4291.08,2476.88,3978.24,4065.2,4365.29
21.9,3678.1,4134.13,3292.03,4298.1,2473.74,3976.76,4063.72,4369.62
22.0,3677.62,4137.55,3289.3,4301.61,2470.23,3974.98,4062.71,4369.68
22.1,3676.86,4137.37,3284.66,4302.28,2468.06,3973.57,4061.41,4369.56
22.2,3676.12,4138.9,3282.15,4301.23,2465.72,3972.96,4060.4,4369.61
22.3,3675.96,4145.15,3277.88,4300.12,2463.64,3972.48,4059.5,4371.68
22.4,3675.67,4144.01,3275.44,4299.79,2461.29,3971.13,4058.49,4377.23
22.5,3675.67,4144.29,3271.75,4298.18,2457.86,3969.39,4056.99,4377.31
22.6,3675.44,4145.75,3268.61,4302.13,2454.99,3967.27,4055.14,4380.54
22.7,3675.32,4148.23,3265.07,4301.06,2452.24,3965.57,4054.15,4381.1
22.8,3675.03,4151.64,3260.78,4301.24,2449.93,3964.23,4053.76,4384.23
22.9,3674.53,4153.78,3256.9,4299.28,2446.7,3963.01,4052.79,4383.84
23.0,3673.89,4174.73,3254.06,4296.32,2443.16,3961.83,4051.89,4384.5
23.1,3673.55,4174.1,3251.61,4293.25,2441.56,3960.73,4050.3,4387.56
23.2,3673.24,4174.85,3248.52,4291.64,2439.53,3959.38,4049.06,4391.07
23.3,3672.86,4177.53,3244.76,4289.99,2437.27,3958.79,4047.69,4397.09
23.4,3672.56,4192.58,3239.54,4284.42,2434.18,3957.51,4047.15,4402.69
23.5,3672.14,4192.43,3233.69,4279.06,2431.12,3956.57,4045.87,4406.24
23.6,3671.11,4195.47,3228.79,4276.59,2428.35,3955.56,4044.79,4408.28
23.7,3670.67,4196.96,3224.52,4274.98,2426.58,3953.82,4043.77,4412.48
23.8,3670.5,4197.28,3221.36,4272.56,2425.24,3952.51,4042.3,4414.83
23.9,3670.03,4201.08,3217.92,4279.43,2422.11,3951.05,4041.16,4418.78
24.0,3669.78,4201.4,3214.88,4278.27,2419.97,3950.13,4039.78,4420.63
24.1,3669.12,4203.87,3211.63,4281.1,2417.81,3949.62,4038.79,4424.28
24.2,3668.49,4205.48,3208.57,4282.31,2416.18,3948.54,4037.95,4428.25
24.3,3667.67,4205.68,3205.75,4276.42,2413.11,3946.63,4037.13,4429.68
24.4,3667.39,4205.79,3202.62,4266.71,2410.28,3944.57,4037.09,4433.49
24.5,3666.95,4205.83,3200.66,4260.34,2407.6,3943.62,4036.67,4434.45
24.6,3665.84,4208.2,3198.25,4267.3,2405.16,3943.12,4035.66,4435.62
24.7,3665.55,4210.58,3196.1,4268.82,2402.98,3941.52,4034.76,4438.46
24.8,3665.19,4210.99,3193.84,4267.82,2401.53,3940.75,4033.83,4442.88
24.9,3664.99,4211.92,3192.17,4290.25,2399.91,3939.04,4033.48,4447.54
25.0,3664.77,4212.69,3188.09,4293.57,2397.15,3937.63,4032.78,4447.68
25.1,3664.17,4213.48,3185.69,4292.2,2395.42,3936.64,4032.75,4449.97
25.2,3663.72,4213.71,3180.03,4291.56,2393.39,3935.54,4031.94,4450.98
25.3,3663.26,4216.11,3174.1,4280.94,2390.35,3934.82,4031.51,4453.56
25.4,3662.23,4216.97,3171.97,4278.35,2388.55,3933.26,4030.97,4456.84
25.5,3661.87,4224.2,3170.5,4285.59,2387.03,3931.81,4030.4,4457.33
25.6,3661.54,4224.19,3167.53,4289.99,2385.43,3929.1,4029.61,4457.9
25.7,3661.36,4225.25,3164.42,4298.52,2383.4,3927.91,4028.4,4459.12
25.8,3660.66,4227.43,3159.83,4295.36,2381.14,3926.2,4027.22,4460.48
25.9,3660.59,4231.05,3155.09,4302.74,2380.07,3923.39,4025.73,4461.72
26.0,3659.77,4234.24,3152.93,4327.85,2377.97,3920.3,4024.37,4463.8
26.1,3659.12,4237.58,3151.52,4328.92,2375.49,3916.8,4022.52,4466.18
26.2,3658.39,4238.99,3150.31,4336.08,2371.91,3913.99,4020.44,4467.83
26.3,3658.26,4240.04,3146.49,4345.68,2370.1,3911.83,4018.11,4469.02
26.4,3658.18,4240.27,3144.03,4343.58,2368.43,3909.44,4016.96,4471.41
26.5,3657.93,4242.72,3141.14,4343.21,2365.08,3906.31,4014.28,4472.48
26.6,3657.37,4242.17,3139.22,4349.96,2362.05,3902.08,4011.8,4473.47
26.7,3657.12,4243.9,3136.95,4351.29,2359.93,3898.83,4009.57,4475.4
26.8,3656.59,4244.15,3134.99,4350.6,2357.71,3895.61,4006.42,4477.22
26.9,3655.59,4244.07,3134.51,4349.85,2354.77,3891.96,4003.1,4478.69
27.0,3655.34,4244.36,3132.0,4348.66,2352.83,3888.95,3998.22,4483.27
27.1,3654.96,4245.48,3129.07,4349.23,2349.45,3887.72,3993.01,4486.56
27.2,3654.63,4245.04,3127.28,4344.08,2347.05,3885.32,3987.63,4488.17
27.3,3654.36,4244.07,3125.12,4340.15,2345.32,3883.73,3982.2,4489.23
27.4,3654.21,4244.0,3123.13,4337.33,2343.78,3879.4,3976.75,4490.66
27.5,3653.7,4244.39,3119.2,4338.37,2341.41,3876.4,3972.71,4491.23
27.6,3653.49,4243.77,3114.2,4341.15,2338.95,3873.36,3969.07,4492.73
27.7,3653.14,4243.36,3110.41,4335.01,2336.58,3872.41,3966.57,4494.2
27.8,3652.73,4243.32,3106.61,4334.89,2333.06,3869.97,3964.29,4495.41
27.9,3652.48,4243.66,3104.14,4326.03,2331.54,3867.41,3961.17,4498.41
28.0,3652.33,4243.75,3102.58,4316.86,2328.56,3864.66,3958.63,4500.0
28.1,3651.84,4245.17,3099.38,4308.57,2325.42,3862.11,3954.92,4500.83
28.2,3651.55,4246.32,3097.65,4297.76,2323.71,3860.11,3953.52,4501.15
28.3,3650.98,4246.73,3095.65,4289.28,2321.43,3857.69,3952.28,4505.86
28.4,3650.58,4247.22,3094.04,4282.18,2317.6,3855.75,3952.35,4506.34
28.5,3650.22,4247.68,3091.4,4271.47,2316.84,3853.41,3950.75,4506.46
28.6,3649.72,4248.9,3088.44,4262.34,2312.78,3850.81,3949.93,4507.59
28.7,3649.52,4249.53,3086.48,4254.58,2310.23,3849.61,3950.07,4509.96
28.8,3649.26,4250.03,3084.55,4242.93,2308.86,3847.99,3948.66,4509.88
28.9,3648.96,4250.15,3083.27,4229.84,2309.61,3847.15,3945.89,4510.36
29.0,3648.55,4250.28,3080.29,4220.98,2307.78,3844.69,3944.39,4511.65
29.1,3648.33,4251.15,3077.43,4214.85,2304.47,3841.97,3942.27,4511.43
29.2,3647.76,4252.77,3074.75,4205.73,2303.29,3840.39,3941.64,4512.83
29.3,3647.44,4252.93,3073.05,4195.98,2302.75,3839.49,3941.01,4513.99
29.4,3646.89,4253.64,3070.86,4185.29,2301.19,3837.85,3965.58,4515.54
29.5,3646.73,4255.6,3068.79,4174.82,2298.91,3837.23,3995.58,4519.24
29.6,3646.13,4257.92,3066.45,4174.82,2297.19,3835.88,4018.23,4520.62
29.7,3645.36,4259.49,3062.28,4173.42,2295.81,3834.07,4045.98,4521.21
29.8,3644.83,4260.47,3058.88,4174.13,2293.72,3832.71,4062.11,4523.07
29.9,3644.53,4261.79,3055.47,4160.02,2291.31,3832.49,4068.99,4526.41
30.0,3644.35,4265.28,3052.08,4151.49,2290.13,3831.87,4072.61,4528.34
30.1,3644.03,4266.11,3049.21,4145.11,2287.58,3830.79,4078.56,4528.25
30.2,3643.46,4268.79,3047.27,4134.3,2285.55,3829.14,4082.96,4528.33
30.3,3642.85,4269.16,3045.42,4122.52,2284.5,3828.37,4083.62,4529.84
30.4,3642.55,4271.18,3043.57,4107.26,2283.35,3827.71,4085.45,4529.46
30.5,3642.37,4272.56,3040.18,4101.4,2282.42,3825.59,4083.67,4530.76
30.6,3642.28,4274.55,3037.73,4094.25,2280.32,3824.76,4081.14,4531.71
30.7,3642.21,4277.95,3035.73,4087.78,2278.87,3824.21,4078.84,4533.93
30.8,3641.58,4279.35,3031.35,4088.02,2276.88,3823.11,4074.81,4534.09
30.9,3641.29,4281.85,3029.99,4076.81,2276.35,3822.13,4071.44,4533.87
31.0,3640.76,4282.0,3029.04,4065.88,2276.07,3820.84,4068.25,4529.38
31.1,3640.28,4283.11,3027.07,4056.01,2275.6,3820.59,4063.85,4522.91
31.2,3639.68,4283.49,3025.54,4047.36,2273.08,3820.88,4059.34,4515.72
31.3,3639.31,4284.91,3023.38,4035.48,2270.94,3820.58,4055.07,4504.57
31.4,3639.13,4286.98,3021.47,4018.79,2269.56,3818.95,4052.02,4493.94
31.5,3638.81,4288.7,3018.29,4012.45,2266.72,3817.99,4048.93,4479.63
31.6,3638.27,4291.57,3015.88,4002.19,2265.8,3818.25,4043.63,4471.7
31.7,3637.96,4292.91,3013.5,3995.42,2264.53,3816.94,4040.59,4458.54
31.8,3637.85,4297.16,3010.13,3984.15,2262.95,3817.48,4037.49,4459.09
31.9,3637.66,4298.95,3008.86,3974.03,2261.18,3817.16,4034.18,4451.56
32.0,3637.17,4302.61,3006.01,3959.35,2260.36,3817.2,4030.67,4442.64
32.1,3636.74,4304.48,3003.14,3947.72,2259.91,3816.96,4027.76,4426.16
32.2,3636.61,4304.79,3001.24,3937.35,2257.62,3817.56,4021.03,4393.45
32.3,3636.16,4305.89,2998.5,3927.81,2256.48,3817.9,4017.35,4393.11
32.4,3635.74,4305.15,2996.01,3912.85,2255.24,3818.3,4012.56,4387.22
32.5,3635.32,4305.51,2991.39,3902.06,2254.56,3818.32,4008.97,4382.12
32.6,3635.06,4305.47,2988.79,3888.05,2253.99,3818.26,4006.24,4371.85
32.7,3634.62,4304.93,2987.55,3877.57,2252.86,3817.27,4002.54,4370.23
32.8,3634.34,4305.02,2985.94,3864.13,2251.46,3816.41,3999.46,4361.93
32.9,3634.01,4305.15,2983.09,3850.16,2250.01,3815.04,4001.4,4361.88
33.0,3633.7,4304.09,2979.8,3835.9,2248.95,3814.22,4027.32,4358.96
33.1,3633.4,4303.35,2976.8,3823.7,2248.21,3813.4,4024.82,4357.36
33.2,3632.94,4302.87,2973.88,3807.47,2245.49,3812.86,4022.86,4352.68
33.3,3632.53,4302.92,2971.79,3794.33,2243.86,3812.14,4020.12,4347.68
33.4,3632.36,4302.87,2966.8,3782.99,2242.43,3811.55,4014.39,4339.46
33.5,3632.2,4302.38,2963.73,3773.87,2241.04,3808.26,4010.6,4363.65
33.6,3631.87,4302.32,2959.49,3760.5,2240.57,3806.88,4004.33,4358.78
33.7,3631.58,4302.38,2954.4,3746.6,2239.67,3805.43,4014.34,4354.84
33.8,3631.28,4302.08,2948.87,3733.57,2238.28,3803.93,4026.62,4352.28
33.9,3631.15,4301.71,2945.13,3721.22,2237.82,3802.58,4035.98,4351.81
34.0,3630.99,4301.61,2938.73,3717.62,2237.34,3801.45,4041.91,4353.74
34.1,3630.41,4302.17,2934.51,3709.7,2235.9,3800.28,4046.28,4350.52
34.2,3630.29,4302.53,2931.2,3695.64,2235.05,3799.69,4046.4,4345.96
34.3,3630.07,4302.63,2925.47,3685.66,2234.34,3798.68,4071.54,4333.38
34.4,3629.88,4302.69,2922.06,3675.88,2232.98,3798.19,4078.3,4324.56
34.5,3629.82,4302.96,2919.88,3664.12,2231.79,3796.96,4076.53,4316.9
34.6,3629.38,4303.34,2916.6,3649.59,2231.18,3796.08,4074.93,4310.52
34.7,3629.33,4304.0,2910.22,3635.43,2230.11,3795.66,4067.43,4306.98
34.8,3629.06,4303.6,2906.47,3621.34,2228.12,3794.7,4065.78,4302.1
34.9,3628.84,4303.26,2904.88,3610.78,2226.21,3794.04,4077.83,4294.65
35.0,3628.66,4301.36,2901.49,3596.06,2225.09,3793.42,4088.8,4282.89
35.1,3628.37,4301.0,2898.51,3583.62,2223.59,3792.72,4088.73,4273.85
35.2,3628.03,4300.06,2893.81,3570.19,2222.4,3792.15,4088.31,4253.49
35.3,3627.64,4299.62,2889.84,3561.15,2221.64,3791.49,4086.99,4237.42
35.4,3627.37,4299.43,2888.4,3551.12,2219.25,3791.01,4095.54,4228.82
35.5,3627.12,4298.88,2885.6,3536.11,2218.51,3790.1,4097.55,4217.79
35.6,3626.9,4298.29,2882.67,3523.84,2217.59,3789.64,4098.96,4201.93
35.7,3626.58,4298.51,2880.16,3512.16,2216.75,3789.36,4099.98,4190.36
35.8,3626.54,4298.56,2874.41,3500.32,2215.46,3788.9,4097.87,4183.43
35.9,3626.32,4298.68,2870.33,3488.69,2213.85,3788.72,4094.88,4174.92
36.0,3625.75,4298.81,2867.73,3478.91,2213.12,3787.53,4089.91,4161.87
36.1,3625.58,4298.29,2863.85,3468.2,2212.17,3786.54,4084.31,4146.6
36.2,3625.24,4298.56,2861.01,3458.16,2209.89,3785.45,4082.78,4120.38
36.3,3625.13,4298.55,2859.38,3448.55,2207.96,3784.75,4083.43,4106.91
36.4,3624.43,4298.23,2857.4,3441.15,2207.14,3784.08,4076.6,4089.11
36.5,3624.04,4298.25,2855.48,3434.93,2206.52,3783.21,4068.95,4075.79
36.6,3623.55,4298.19,2853.48,3427.33,2206.0,3809.84,4056.99,4061.03
36.7,3623.35,4297.52,2850.73,3418.29,2204.71,3848.36,4047.26,4049.88
36.8,3623.13,4298.2,2848.23,3410.18,2203.79,3897.77,4040.46,4035.59
36.9,3622.72,4298.64,2845.64,3401.22,2201.69,3917.69,4038.41,4022.21
37.0,3622.05,4299.29,2842.08,3392.81,2201.21,3926.14,4032.53,4009.93
37.1,3621.68,4298.75,2839.12,3387.64,2199.93,3924.92,4022.59,3991.17
37.2,3621.36,4298.89,2836.09,3378.44,2198.82,3923.86,4013.82,3980.63
37.3,3621.06,4298.47,2832.81,3370.93,2198.45,3929.78,4008.45,3970.72
37.4,3620.91,4298.78,2831.4,3365.14,2197.4,3932.33,4000.68,3963.72
37.5,3620.61,4299.38,2827.83,3357.08,2196.02,3936.01,3996.23,3955.12
37.6,3620.51,4301.34,2825.98,3350.13,2195.46,3942.17,3990.47,3943.42
37.7,3619.85,4301.8,2822.41,3342.88,2194.42,3947.19,3983.24,3935.07
37.8,3619.53,4302.22,2818.17,3333.27,2192.73,3951.41,3970.82,3925.0
37.9,3619.39,4302.49,2815.58,3326.57,2190.68,3953.75,3960.97,3913.88
38.0,3619.24,4303.69,2812.92,3319.89,2190.16,3955.44,3956.16,3898.92
38.1,3618.57,4304.45,2810.66,3311.62,2189.43,3955.41,3950.16,3887.08
38.2,3618.27,4305.21,2808.68,3301.64,2189.16,3955.54,3943.96,3876.11
38.3,3617.58,4305.98,2805.37,3291.78,2187.72,3956.59,3939.24,3868.98
38.4,3617.31,4305.42,2802.35,3286.58,2186.81,3955.97,3930.39,3862.07
38.5,3617.2,4305.04,2799.63,3281.17,2185.6,3955.66,3925.69,3848.16
38.6,3617.07,4305.46,2797.62,3276.23,2184.65,3954.67,3920.55,3838.6
38.7,3616.86,4305.93,2796.01,3268.22,2184.49,3954.04,3914.35,3830.83
38.8,3616.82,4305.98,2792.98,3261.03,2184.09,3953.18,3908.36,3825.54
38.9,3616.53,4306.63,2788.54,3254.65,2182.98,3953.16,3898.3,3813.02
39.0,3616.17,4306.69,2786.6,3246.82,2181.7,3953.72,3894.55,3799.13
39.1,3615.99,4307.94,2783.82,3237.88,2180.48,3953.03,3883.48,3786.95
39.2,3615.63,4307.3,2782.11,3229.39,2178.25,3952.93,3875.89,3775.05
39.3,3615.08,4307.19,2779.94,3220.67,2176.61,3952.04,3867.5,3754.53
39.4,3614.8,4307.42,2777.35,3214.04,2175.44,3950.96,3863.18,3739.84
39.5,3614.44,4307.35,2774.38,3209.2,2173.95,3949.37,3858.15,3727.1
39.6,3614.31,4307.68,2771.86,3202.81,2173.74,3947.67,3850.98,3718.94
39.7,3613.92,4307.14,2768.74,3194.0,2172.18,3945.84,3847.13,3708.35
39.8,3612.97,4307.97,2766.89,3185.85,2171.84,3944.65,3841.08,3695.95
39.9,3612.68,4308.15,2764.74,3177.48,2170.72,3943.62,3834.77,3685.23
40.0,3612.46,4307.87,2762.73,3170.4,2169.2,3941.09,3829.99,3671.16
40.1,3612.31,4308.34,2760.5,3162.86,2168.8,3938.88,3821.88,3657.67
40.2,3612.19,4307.64,2758.14,3159.44,2167.9,3935.22,3815.24,3645.64
40.3,3612.14,4307.62,2756.98,3153.35,2167.3,3931.7,3808.01,3635.25
40.4,3611.8,4309.35,2755.28,3145.63,2166.77,3929.55,3797.62,3625.27
40.5,3611.43,4307.85,2753.73,3138.44,2166.19,3927.29,3794.3,3613.95
40.6,3610.97,4307.85,2751.92,3131.19,2163.54,3925.98,3784.53,3605.82
40.7,3610.75,4307.05,2749.69,3125.82,2162.14,3923.43,3779.23,3598.96
40.8,3610.45,4307.77,2746.6,3121.1,2161.0,3920.83,3773.55,3588.99
40.9,3610.37,4307.29,2744.24,3116.25,2159.93,3919.19,3769.26,3579.01
41.0,3610.02,4307.39,2741.42,3110.48,2159.41,3917.99,3766.42,3570.89
41.1,3609.92,4304.69,2739.91,3104.26,2157.94,3920.6,3761.61,3556.28
41.2,3609.72,4301.29,2738.75,3096.14,2157.75,3920.2,3757.97,3545.69
41.3,3609.56,4298.21,2736.54,3090.76,2156.43,3918.58,3753.66,3536.36
41.4,3609.44,4294.9,2734.6,3086.74,2155.7,3916.8,3748.85,3530.99
41.5,3609.08,4292.42,2731.04,3083.26,2154.26,3914.98,3742.79,3525.27
41.6,3608.23,4288.56,2728.03,3079.58,2153.07,3913.87,3739.15,3519.78
41.7,3607.94,4284.05,2726.53,3072.95,2152.08,3911.75,3734.64,3511.85
41.8,3607.8,4279.13,2724.96,3065.5,2151.27,3909.76,3728.87,3503.05
41.9,3607.48,4272.06,2723.9,3059.53,2151.03,3907.95,3725.39,3494.87
42.0,3607.2,4265.54,2723.1,3052.63,2150.12,3906.29,3719.55,3483.8
42.1,3606.78,4259.26,2721.14,3045.57,2147.79,3904.5,3714.62,3478.58
42.2,3606.78,4252.09,2719.79,3038.72,2146.49,3903.1,3711.68,3472.42
42.3,3606.46,4246.97,2718.84,3031.3,2145.2,3902.01,3707.97,3467.4
42.4,3606.04,4242.42,2717.46,3023.92,2144.58,3899.35,3704.36,3462.98
42.5,3605.88,4236.84,2716.06,3017.7,2144.09,3896.98,3701.84,3451.96
42.6,3605.61,4230.1,2714.41,3012.89,2142.73,3896.51,3697.95,3446.39
42.7,3605.55,4223.67,2712.75,3008.71,2142.03,3894.88,3694.23,3430.09
42.8,3605.52,4216.16,2711.6,3004.17,2141.67,3893.76,3690.67,3422.36
42.9,3605.3,4208.36,2708.11,2998.25,2141.12,3892.79,3686.92,3412.59
43.0,3605.02,4201.87,2706.31,2993.36,2140.81,3891.31,3681.19,3405.19
43.1,3604.86,4193.54,2705.21,2988.01,2138.75,3888.56,3676.96,3398.69
43.2,3604.58,4183.75,2704.06,2983.94,2137.17,3885.35,3672.33,3399.42
43.3,3604.29,4170.54,2701.59,2978.3,2136.63,3882.45,3664.09,3402.79
43.4,3604.12,4159.09,2699.42,2972.12,2134.78,3880.07,3660.99,3403.7
43.5,3603.72,4148.68,2697.85,2964.91,2133.67,3878.49,3656.78,3398.7
43.6,3603.46,4138.25,2696.47,2958.29,2133.15,3876.98,3653.53,3395.82
43.7,3603.11,4129.3,2695.64,2955.3,2131.81,3875.27,3648.88,3391.51
43.8,3602.87,4120.42,2693.24,2951.11,2130.48,3873.65,3644.45,3389.6
43.9,3602.57,4108.64,2691.82,2948.36,2129.8,3872.47,3641.8,3386.67
44.0,3602.41,4099.23,2690.52,2944.04,2129.27,3870.73,3637.16,3384.52
44.1,3602.19,4090.57,2688.71,2936.72,2128.59,3868.77,3633.25,3380.22
44.2,3602.01,4081.45,2686.91,2931.37,2127.78,3865.67,3630.24,3385.44
44.3,3601.52,4071.65,2686.13,2928.01,2127.02,3864.37,3626.91,3384.23
44.4,3601.4,4062.19,2684.4,2922.74,2126.56,3862.63,3622.82,3381.23
44.5,3601.14,4051.53,2683.09,2917.33,2125.69,3860.8,3620.1,3376.28
44.6,3600.86,4043.47,2681.92,2912.65,2123.72,3859.35,3617.6,3371.09
44.7,3600.75,4035.38,2680.77,2908.82,2122.88,3858.19,3614.23,3366.81
44.8,3600.35,4028.68,2679.74,2904.55,2122.4,3856.84,3610.69,3359.44
44.9,3600.2,4021.48,2678.25,2901.32,2121.62,3855.74,3608.8,3356.28
45.0,3600.08,4014.73,2674.95,2897.97,2120.64,3854.46,3606.33,3349.6
45.1,3599.35,4004.65,2672.4,2892.56,2119.48,3853.01,3603.53,3347.06
45.2,3599.25,3998.37,2670.6,2889.07,2117.43,3851.41,3600.93,3344.7
45.3,3598.73,3991.69,2669.3,2882.77,2116.5,3849.96,3598.73,3342.97
45.4,3598.7,3984.7,2667.63,2877.59,2115.35,3849.06,3596.37,3338.38
45.5,3598.47,3977.57,2666.32,2873.98,2114.91,3848.16,3594.14,3334.8
45.6,3598.31,3970.96,2665.18,2869.88,2114.44,3847.32,3592.28,3328.2
45.7,3598.06,3963.83,2663.16,2863.78,2113.95,3845.37,3589.39,3325.21
45.8,3597.97,3956.66,2661.98,2859.03,2113.35,3843.48,3586.24,3316.37
45.9,3597.79,3949.27,2660.79,2854.39,2112.74,3840.96,3583.95,3307.54
46.0,3597.63,3942.36,2659.66,2849.8,2111.09,3838.28,3578.52,3300.91
46.1,3597.32,3935.18,2658.8,2843.94,2110.06,3835.09,3572.65,3293.05
46.2,3597.02,3929.16,2656.89,2838.63,2109.32,3836.51,3570.14,3286.66
46.3,3596.67,3924.44,2655.56,2834.25,2108.43,3841.08,3565.32,3279.69
46.4,3596.54,3917.16,2652.95,2829.49,2106.68,3841.03,3563.61,3275.38
46.5,3596.41,3910.12,2651.75,2823.6,2106.31,3840.49,3556.97,3269.82
46.6,3596.19,3902.29,2651.19,2818.24,2105.14,3841.57,3552.24,3267.0
46.7,3596.19,3894.36,2649.03,2813.01,2104.32,3842.86,3550.07,3259.47
46.8,3595.83,3886.22,2647.93,2808.94,2103.44,3842.61,3546.46,3253.66
46.9,3595.79,3876.69,2646.9,2805.3,2102.46,3841.37,3554.24,3246.53
47.0,3595.65,3866.16,2644.67,2802.24,2101.55,3841.24,3554.36,3243.08
47.1,3595.16,3857.94,2642.34,2797.83,2101.16,3840.16,3555.51,3236.15
47.2,3594.88,3849.59,2641.09,2792.96,2100.8,3839.21,3561.19,3228.0
47.3,3594.76,3838.72,2639.47,2786.74,2100.49,3837.6,3560.95,3223.65
47.4,3594.65,3828.82,2638.32,2781.83,2100.04,3836.35,3559.9,3217.45
47.5,3594.39,3822.79,2636.67,2776.61,2099.54,3834.88,3567.53,3207.55
47.6,3594.29,3816.59,2635.29,2773.07,2098.67,3850.7,3569.59,3202.66
47.7,3594.0,3808.17,2633.07,2771.6,2096.98,3853.04,3577.66,3195.59
47.8,3593.8,3801.21,2632.11,2768.85,2095.65,3872.23,3583.21,3189.18
47.9,3593.58,3796.13,2631.22,2766.84,2093.58,3872.0,3587.75,3180.99
48.0,3593.33,3785.32,2630.27,2762.94,2093.19,3870.49,3583.71,3172.97
48.1,3592.99,3780.4,2628.68,2758.51,2091.98,3869.57,3581.8,3165.91
48.2,3592.73,3773.88,2626.53,2754.57,2090.86,3868.68,3582.18,3161.97
48.3,3592.47,3768.49,2624.55,2749.43,2089.14,3867.97,3588.61,3154.34
48.4,3592.34,3758.9,2624.01,2746.39,2088.71,3867.68,3583.77,3149.57
48.5,3592.14,3752.79,2622.61,2741.89,2088.19,3866.82,3581.75,3143.57
48.6,3591.99,3748.72,2620.93,2736.37,2087.19,3865.34,3576.79,3137.08
48.7,3591.75,3743.07,2619.7,2732.49,2086.07,3865.4,3570.86,3132.02
48.8,3591.68,3734.39,2618.95,2729.27,2085.55,3864.05,3564.99,3123.82
48.9,3591.58,3729.7,2617.22,2722.78,2085.27,3863.43,3557.14,3115.77
49.0,3591.43,3724.36,2615.96,2718.97,2084.17,3862.67,3550.43,3107.95
49.1,3591.26,3718.12,2614.15,2716.21,2082.66,3869.86,3543.84,3099.0
49.2,3591.08,3712.82,2613.17,2711.81,2082.03,3868.29,3539.16,3089.25
49.3,3591.03,3707.43,2611.74,2708.08,2081.05,3867.21,3536.18,3082.85
49.4,3590.62,3697.56,2609.54,2703.98,2080.5,3882.05,3529.67,3076.26
49.5,3590.52,3694.31,2608.54,2700.11,2080.27,3888.19,3526.92,3071.16
49.6,3590.45,3690.47,2606.59,2697.36,2079.09,3891.07,3521.58,3065.39
49.7,3590.08,3682.58,2605.39,2694.7,2078.22,3891.93,3517.04,3060.66
49.8,3589.85,3678.8,2603.77,2690.56,2077.27,3896.28,3513.55,3057.13
49.9,3589.76,3672.3,2603.06,2686.9,2076.89,3904.08,3511.1,3051.63
50.0,3589.73,3666.96,2601.19,2683.08,2076.45,3912.36,3505.97,3045.79
50.1,3589.58,3662.45,2599.54,2679.26,2075.19,3914.16,3493.04,3038.39
50.2,3589.51,3656.65,2598.46,2675.5,2074.12,3918.95,3486.99,3034.18
50.3,3589.44,3653.23,2598.03,2672.83,2073.04,3919.79,3480.98,3029.94
50.4,3589.3,3649.89,2597.17,2669.42,2072.01,3922.54,3478.5,3022.03
50.5,3588.84,3644.01,2596.15,2665.44,2071.31,3929.09,3473.71,3012.43
50.6,3588.78,3637.97,2595.37,2661.6,2070.36,3953.46,3468.02,3003.84
50.7,3588.66,3633.62,2594.62,2658.8,2070.02,3962.05,3463.97,2997.68
50.8,3588.39,3628.74,2594.04,2656.37,2069.55,3974.93,3459.64,2991.98
50.9,3588.12,3622.92,2593.33,2654.02,2068.88,4001.86,3452.59,2988.99
51.0,3587.98,3619.37,2592.29,2650.76,2068.66,4011.56,3453.33,2985.12
51.1,3587.89,3615.64,2591.66,2645.56,2068.38,4015.91,3455.88,2980.52
51.2,3587.74,3605.68,2590.67,2641.13,2067.28,4028.83,3454.93,2977.95
51.3,3587.62,3599.66,2589.32,2638.04,2066.19,4040.01,3458.46,2974.98
51.4,3587.49,3594.92,2587.33,2634.58,2065.57,4045.46,3461.35,2972.94
51.5,3587.41,3589.61,2585.3,2629.81,2064.91,4051.41,3457.34,2969.64
51.6,3587.54,3583.83,2584.19,2625.71,2064.09,4069.61,3449.68,2965.96
51.7,3587.74,3573.36,2583.01,2622.39,2062.49,4072.9,3441.38,2961.48
51.8,3587.25,3562.73,2582.03,2618.97,2061.15,4074.25,3433.76,2956.9
51.9,3586.98,3555.66,2580.35,2615.44,2059.95,4076.47,3427.52,2952.84
52.0,3586.84,3548.18,2579.28,2613.09,2058.93,4077.61,3423.82,2945.27
52.1,3586.59,3535.02,2577.83,2609.65,2057.71,4094.48,3420.67,2938.2
52.2,3586.5,3524.49,2577.28,2605.93,2057.29,4101.88,3412.26,2928.62
52.3,3586.29,3520.0,2575.65,2602.61,2057.01,4105.04,3407.19,2925.21
52.4,3586.04,3511.77,2575.12,2597.79,2055.66,4108.71,3399.84,2919.36
52.5,3586.18,3498.5,2574.2,2595.34,2055.42,4109.82,3393.88,2912.16
52.6,3586.57,3488.74,2573.35,2592.32,2055.01,4110.95,3388.05,2910.75
52.7,3586.47,3474.99,2572.5,2590.06,2054.57,4111.28,3383.04,2908.96
52.8,3586.48,3464.71,2571.59,2587.16,2054.24,4110.67,3378.06,2905.61
52.9,3586.73,3457.01,2570.4,2585.01,2053.62,4111.44,3372.63,2902.38
53.0,3586.5,3448.65,2569.35,2582.17,2052.77,4111.08,3366.2,2898.83
53.1,3586.15,3443.19,2567.75,2578.99,2051.64,4110.86,3360.61,2896.39
53.2,3586.52,3437.92,2566.64,2576.1,2049.76,4112.06,3356.08,2890.91
53.3,3586.05,3430.08,2566.01,2574.09,2048.86,4113.7,3352.83,2888.2
53.4,3586.12,3424.29,2565.04,2571.0,2048.33,4112.73,3350.26,2882.86
53.5,3585.84,3417.12,2562.71,2567.67,2047.61,4111.47,3344.6,2877.8
53.6,3585.4,3412.82,2560.89,2562.78,2046.75,4110.74,3337.22,2872.98
53.7,3585.64,3408.42,2560.53,2558.86,2046.22,4111.04,3332.47,2867.87
53.8,3585.43,3403.04,2560.33,2555.57,2045.37,4111.62,3325.45,2862.41
53.9,3585.32,3396.12,2558.45,2552.22,2044.32,4110.92,3323.03,2858.05
54.0,3585.36,3389.87,2557.73,2548.62,2042.92,4110.08,3317.29,2852.58
54.1,3585.39,3383.98,2557.0,2545.96,2042.54,4112.22,3315.44,2848.12
54.2,3585.51,3376.5,2556.23,2543.63,2042.09,4112.15,3309.19,2846.44
54.3,3585.36,3371.12,2555.83,2541.06,2041.19,4112.21,3307.07,2844.58
54.4,3584.87,3362.14,2554.89,2537.84,2040.46,4112.9,3300.36,2841.23
54.5,3584.47,3356.42,2554.23,2534.54,2039.48,4114.74,3297.92,2839.65
54.6,3584.01,3349.79,2553.06,2532.25,2039.18,4114.94,3294.5,2833.07
54.7,3583.17,3346.64,2552.6,2529.93,2038.42,4115.4,3291.21,2829.68
54.8,3582.57,3343.36,2551.98,2526.64,2037.96,4115.61,3287.32,2826.21
54.9,3582.5,3338.24,2551.14,2522.76,2036.77,4120.49,3282.4,2821.11
55.0,3583.16,3333.54,2549.26,2519.38,2035.89,4120.68,3277.33,2817.52
55.1,3582.55,3325.75,2548.24,2516.09,2034.98,4121.01,3273.9,2814.24
55.2,3581.33,3321.23,2546.75,2513.84,2034.7,4120.51,3271.88,2811.85
55.3,3579.88,3316.13,2545.32,2511.02,2034.29,4119.86,3268.41,2808.59
55.4,3578.94,3312.22,2543.63,2507.12,2033.44,4119.76,3260.89,2804.15
55.5,3577.77,3305.84,2542.79,2502.91,2032.29,4120.16,3256.0,2799.06
55.6,3576.18,3300.23,2542.29,2500.63,2031.83,4119.98,3253.44,2794.71
55.7,3574.21,3294.45,2541.0,2498.27,2031.0,4119.59,3249.92,2791.7
55.8,3572.18,3287.91,2539.74,2495.46,2030.22,4119.68,3248.79,2789.5
55.9,3571.89,3280.08,2538.65,2492.56,2029.21,4137.46,3243.89,2786.79
56.0,3569.9,3275.02,2536.9,2490.76,2028.89,4158.19,3241.66,2781.07
56.1,3567.19,3271.35,2535.92,2487.95,2028.43,4157.16,3237.45,2778.63
56.2,3564.57,3268.42,2535.15,2485.37,2027.87,4156.72,3234.68,2776.08
56.3,3563.42,3265.14,2534.17,2483.58,2027.26,4156.85,3229.77,2773.26
56.4,3561.97,3260.15,2533.61,2480.28,2026.43,4158.18,3223.9,2770.38
56.5,3560.36,3256.79,2533.07,2475.54,2025.43,4157.46,3220.83,2767.89
56.6,3557.99,3253.94,2532.51,2472.29,2024.82,4157.2,3216.32,2763.83
56.7,3555.4,3248.98,2531.53,2469.81,2023.46,4156.51,3212.74,2759.12
56.8,3552.63,3244.96,2530.49,2466.91,2022.68,4190.34,3209.54,2756.69
56.9,3549.13,3241.59,2529.83,2463.21,2022.08,4195.45,3205.29,2755.02
57.0,3542.52,3238.69,2528.36,2459.81,2021.09,4208.95,3202.31,2753.24
57.1,3534.9,3232.77,2527.59,2457.61,2020.21,4208.2,3193.27,2749.67
57.2,3529.18,3227.5,2525.97,2453.82,2020.04,4207.95,3184.02,2747.68
57.3,3524.88,3221.24,2524.53,2451.35,2019.23,4207.98,3182.22,2745.67
57.4,3519.53,3217.54,2523.35,2449.53,2018.47,4207.06,3180.11,2743.99
57.5,3512.83,3213.2,2522.24,2446.59,2016.88,4208.43,3177.68,2741.93
57.6,3506.61,3210.92,2521.4,2443.77,2016.23,4207.78,3175.26,2738.95
57.7,3501.09,3208.86,2520.51,2441.63,2015.82,4208.56,3171.97,2736.75
57.8,3496.28,3203.83,2519.73,2439.44,2015.1,4208.61,3169.75,2733.96
57.9,3490.6,3200.77,2518.46,2437.87,2013.91,4209.42,3164.8,2730.74
58.0,3484.96,3196.61,2517.82,2435.24,2013.13,4210.44,3160.95,2728.45
58.1,3479.76,3192.77,2516.27,2432.53,2012.6,4209.12,3158.23,2727.47
58.2,3474.29,3188.29,2515.59,2428.73,2012.39,4208.48,3154.55,2724.61
58.3,3468.87,3185.48,2515.2,2425.32,2011.71,4207.81,3152.37,2722.77
58.4,3464.48,3181.91,2514.4,2421.54,2010.69,4209.93,3145.72,2720.97
58.5,3461.51,3178.23,2513.85,2419.35,2009.69,4209.36,3139.38,2718.82
58.6,3458.5,3174.96,2512.81,2417.06,2008.98,4208.18,3133.25,2716.24
58.7,3455.32,3170.98,2511.49,2415.23,2008.29,4208.3,3129.02,2713.01
58.8,3453.47,3166.11,2510.45,2412.88,2007.4,4205.98,3124.53,2709.37
58.9,3450.1,3162.86,2508.48,2410.75,2006.49,4203.69,3121.2,2705.84
59.0,3444.91,3160.71,2508.02,2408.89,2005.12,4202.8,3119.19,2701.57
59.1,3440.03,3156.29,2507.16,2406.8,2004.25,4200.69,3115.51,2698.3
59.2,3435.23,3149.8,2506.0,2403.23,2003.9,4199.15,3111.88,2694.96
59.3,3430.99,3146.64,2504.47,2400.14,2002.46,4197.12,3108.03,2693.48
59.4,3426.27,3143.27,2503.62,2397.24,2001.64,4196.03,3101.49,2690.22
59.5,3422.25,3140.34,2502.47,2394.73,2000.84,4195.07,3094.99,2687.07
59.6,3417.97,3135.97,2501.76,2391.71,2000.5,4194.13,3092.36,2677.71
59.7,3414.91,3132.99,2501.05,2389.37,2000.07,4192.34,3084.44,2673.22
59.8,3411.65,3130.15,2500.55,2387.53,1998.29,4190.96,3075.57,2669.11
59.9,3409.45,3127.93,2499.07,2385.36,1998.1,4189.35,3068.05,2666.34
60.0,3406.44,3123.8,2498.45,2383.24,1996.64,4188.1,3065.56,2663.51
60.1,3402.99,3120.57,2497.4,2380.14,1996.08,4183.96,3061.12,2660.65
60.2,3399.37,3118.16,2495.42,2376.67,1994.62,4182.72,3059.08,2656.68
60.3,3395.11,3115.41,2494.75,2374.63,1993.97,4179.89,3053.22,2650.32
60.4,3391.33,3110.87,2494.26,2372.53,1992.9,4177.76,3049.67,2645.03
60.5,3386.53,3107.4,2493.86,2370.05,1991.68,4175.33,3048.53,2642.25
60.6,3382.38,3104.24,2493.6,2367.25,1991.38,4171.08,3045.42,2638.87
60.7,3377.62,3097.48,2493.03,2365.61,1991.01,4166.81,3040.05,2636.42
60.8,3372.83,3094.19,2491.8,2365.17,1989.7,4161.81,3035.91,2633.33
60.9,3368.39,3091.77,2489.63,2362.63,1989.28,4158.41,3031.87,2626.81
