Simulation Time,Red_th,Pie_th,CoDel_th,FqCoDel_th,Cobalt_th,dAQM9_th,dAQM10_th,dAQM11_th
0.1,31.9443,37.7796,37.6992,39.3102,29.5958,38.995,38.995,31.7254
0.2,12.5568,12.6311,14.1107,11.3108,9.87836,17.4162,17.4162,14.342
0.3,6.85914,6.72594,7.4721,6.46549,5.7572,8.44827,8.44827,8.00885
0.4,5.49277,5.61264,6.32404,5.6298,4.95573,6.85686,6.85686,6.24283
0.5,5.1813,5.18801,5.91193,5.29991,4.5726,6.42123,6.42123,5.65012
0.6,3.84058,3.86774,4.24218,3.71858,3.37351,4.75639,4.75639,4.25808
0.7,3.46578,3.49062,3.85476,3.41397,3.06701,4.29956,4.29956,3.90022
0.8,3.46578,3.49062,3.85476,3.41397,3.06701,4.29956,4.29956,3.90022
0.9,3.46578,3.49062,3.85476,3.41397,3.06701,4.29956,4.29956,3.90022
1.0,3.46578,3.49062,3.85476,3.41397,3.06701,4.29956,4.29956,3.90022
1.1,3.46578,3.49062,3.85476,3.41397,3.06701,4.29956,4.29956,3.90022
1.2,3.46578,3.49062,3.85476,3.41397,3.06701,4.29956,4.29956,3.90022
1.3,3.46578,3.49062,3.85476,3.41397,3.06701,4.29956,4.29956,3.90022
1.4,3.46578,3.49062,3.85476,3.41397,3.06701,4.29956,4.29956,3.90022
1.5,3.46578,3.49062,3.85476,3.41397,3.06701,4.29956,4.29956,3.90022
1.6,3.46578,3.49062,3.85476,3.41397,3.06701,4.29956,4.29956,3.90022
1.7,3.46578,3.49062,3.85476,3.41397,3.06701,4.29956,4.29956,3.90022
1.8,3.46578,3.49062,3.85476,3.41397,3.06701,4.29956,4.29956,3.90022
1.9,3.46578,3.49062,3.85476,3.41397,3.06701,4.29956,4.29956,3.90022
2.0,3.46578,3.49062,3.85476,3.41397,3.06701,4.29956,4.29956,3.90022
2.1,3.46578,3.49062,3.85476,3.41397,3.06701,4.29956,4.29956,3.90022
2.2,3.46578,3.49062,3.85476,3.41397,3.06701,4.29956,4.29956,3.90022
2.3,3.46578,3.49062,3.85476,3.41397,3.06701,4.29956,4.29956,3.90022
2.4,3.46578,3.49062,3.85476,3.41397,3.06701,4.29956,4.29956,3.90022
2.5,3.46578,3.49062,3.85476,3.41397,3.06701,4.29956,4.29956,3.90022
2.6,3.46578,3.49062,3.85476,3.41397,3.06701,4.29956,4.29956,3.90022
2.7,3.46578,3.49062,3.85476,3.41397,3.06701,4.29956,4.29956,3.90022
2.8,3.46578,3.49062,3.85476,3.41397,3.06701,4.29956,4.29956,3.90022
2.9,3.46578,3.49062,3.85476,3.41397,3.06701,4.29956,4.29956,3.90022
3.0,3.46578,3.49062,3.85476,3.41397,3.06701,4.29956,4.29956,3.90022
3.1,2.4349,2.35115,3.54041,1.6107,2.16482,3.93763,3.93763,3.25847
3.2,2.36631,1.78895,1.54497,1.60583,1.70301,2.12544,2.12544,2.58168
3.3,2.59268,1.88162,1.87769,2.34742,1.89382,2.84928,2.84928,2.16297
3.4,3.31579,2.90188,3.13552,3.12749,2.89974,4.05929,4.05929,2.93993
3.5,3.77369,4.20149,4.35509,4.53124,4.27338,5.19598,5.19598,4.16113
3.6,5.01459,5.6419,5.62632,5.91089,5.66712,6.52369,6.52369,5.33277
3.7,6.22715,7.00883,6.99722,7.25762,6.97456,7.81593,7.81593,6.42127
3.8,7.32081,8.28704,8.25414,8.447,8.24126,9.07963,9.07963,7.4415
3.9,8.3898,9.46309,9.51204,9.59716,9.44434,10.3928,10.3928,8.53557
4.0,9.37283,10.5716,10.6067,10.7367,10.6372,11.4869,11.4869,9.44517
4.1,10.2884,11.6196,11.7371,11.7655,11.7868,12.6007,12.6007,10.4006
4.2,11.3567,12.638,12.849,12.8749,12.8269,13.0397,13.0397,11.1682
4.3,12.4287,13.6755,13.878,13.9185,13.8512,14.0119,14.0119,11.9826
4.4,13.4487,14.5926,14.8149,14.8715,14.7932,14.9254,14.9254,12.8064
4.5,14.4121,15.5018,15.6966,15.7248,15.7132,15.8415,15.8415,13.423
4.6,15.3132,16.4389,16.5556,16.5218,16.5118,16.7425,16.7425,14.2587
4.7,16.2536,17.2507,17.4465,17.3944,17.3616,17.6608,17.6608,14.9373
4.8,16.8103,18.0776,18.2934,18.2116,18.1907,18.5032,18.5032,15.6144
4.9,17.7138,18.8794,19.0729,18.9982,18.9192,19.2365,19.2365,16.2505
5.0,18.4655,19.5983,19.7748,19.7865,19.6533,19.9461,19.9461,17.099
5.1,19.2428,20.2987,20.528,20.4801,20.4077,20.6704,20.6704,17.8834
5.2,19.9645,21.0292,21.266,21.1978,21.0851,21.3115,21.3115,18.5843
5.3,20.6759,21.7348,21.9216,21.8996,21.7617,22.0139,22.0139,19.2608
5.4,21.3054,22.3347,22.5887,22.524,22.4226,22.6401,22.6401,19.9389
5.5,21.9333,22.9425,23.1894,23.1593,23.0112,23.2232,23.2232,20.5641
5.6,22.6216,23.589,23.7364,23.747,23.63,23.8129,23.8129,21.1177
5.7,23.1734,24.1661,24.2946,24.3456,24.2447,24.45,24.45,21.7662
5.8,23.7777,24.7433,24.896,24.8227,24.8111,25.0412,25.0412,22.4098
5.9,24.3413,25.3303,25.4391,25.381,25.3656,25.5768,25.5768,22.9075
6.0,24.8802,25.8347,25.9643,25.9293,25.8757,26.0613,26.0613,23.4798
6.1,25.442,26.3693,26.4479,26.4044,26.3912,26.5628,26.5628,23.9618
6.2,25.9048,26.8534,26.9392,26.8939,26.8586,27.0466,27.0466,24.5004
6.3,26.4505,27.3606,27.3621,27.3868,27.3141,27.4925,27.4925,25.0946
6.4,26.9418,27.7982,27.7908,27.8567,27.8237,27.9304,27.9304,25.6414
6.5,27.3659,28.2205,28.264,28.2803,28.2909,28.3901,28.3901,26.1403
6.6,27.7793,28.6616,28.6451,28.6605,28.7523,28.7737,28.7737,26.5906
6.7,28.2183,29.0295,29.119,29.1562,29.1538,29.1605,29.1605,27.0415
6.8,28.6161,29.4819,29.4935,29.5111,29.5758,29.5504,29.5504,27.5017
6.9,29.0285,29.9331,29.9329,29.8418,29.9466,29.9643,29.9643,27.8872
7.0,29.3964,30.3176,30.3328,30.2224,30.3625,30.3535,30.3535,28.3284
7.1,29.8207,30.7182,30.686,30.6707,30.7669,30.6978,30.6978,28.7087
7.2,30.2137,31.0974,31.0317,31.0486,31.1084,31.0972,31.0972,29.1226
7.3,30.596,31.4899,31.3824,31.3777,31.4816,31.4316,31.4316,29.4371
7.4,30.9376,31.8435,31.7748,31.7793,31.8409,31.7864,31.7864,29.8629
7.5,31.2901,32.1885,32.0424,32.1857,32.2193,32.1034,32.1034,30.1912
7.6,31.6196,32.466,32.3862,32.5449,32.5237,32.4466,32.4466,30.6064
7.7,31.9499,32.7731,32.679,32.8691,32.8509,32.8527,32.8527,30.9621
7.8,32.2856,33.1233,32.9631,33.2162,33.18,33.1504,33.1504,31.2794
7.9,32.5797,33.4256,33.2486,33.5642,33.4938,33.4546,33.4546,31.5249
8.0,32.9459,33.7578,33.6028,33.9676,33.8824,33.7296,33.7296,31.8847
8.1,33.2714,33.9996,33.8306,34.3193,34.2051,33.9744,33.9744,32.1245
8.2,33.6005,34.3143,34.1633,34.6541,34.5184,34.2693,34.2693,32.4999
8.3,33.879,34.5062,34.4897,34.9999,34.8728,34.6098,34.6098,32.7794
8.4,34.2137,34.8754,34.6786,35.2848,35.1577,34.9138,34.9138,33.0951
8.5,34.5244,35.1968,35.0218,35.5688,35.4088,35.23,35.23,33.4637
8.6,34.7734,35.5475,35.365,35.8486,35.6851,35.4762,35.4762,33.7314
8.7,35.0613,35.8085,35.6056,36.1246,35.9346,35.7804,35.7804,34.0321
8.8,35.3059,36.0088,35.9167,36.3876,36.2354,36.1481,36.1481,34.3478
8.9,35.6112,36.2385,36.1269,36.5794,36.553,36.5152,36.5152,34.6146
9.0,35.846,36.6078,36.3703,36.8128,36.8058,36.7325,36.7325,34.9034
9.1,36.0499,36.7958,36.6876,37.1139,37.0312,37.0341,37.0341,35.0709
9.2,36.2791,37.0826,36.9064,37.4691,37.3705,37.3477,37.3477,35.3205
9.3,36.5491,37.3535,37.1652,37.7758,37.6224,37.6791,37.6791,35.6148
9.4,36.7283,37.684,37.5084,38.0277,37.7937,37.7206,37.7206,35.9179
9.5,37.0754,37.9229,37.7274,38.2304,38.0567,38.0351,38.0351,36.194
9.6,37.1706,38.1004,37.9522,38.3656,38.2908,38.092,38.092,36.455
9.7,37.3421,38.2534,38.203,38.5568,38.635,38.2383,38.2383,36.704
9.8,37.6119,38.3264,38.3605,38.8461,38.8648,38.4023,38.4023,36.9769
9.9,37.852,38.6232,38.568,39.1432,39.1181,38.7588,38.7588,37.1913
10.0,38.1026,38.8905,38.7725,39.3752,39.3857,38.9359,38.9359,37.4514
10.1,38.1734,39.0605,39.0807,39.4658,39.5292,39.0603,39.0603,37.6913
10.2,38.3494,39.2871,39.1567,39.6231,39.7318,39.2723,39.2723,37.8241
10.3,38.3937,39.4453,39.3161,39.8723,39.8696,39.4934,39.4853,38.0572
10.4,38.5501,39.602,39.546,40.0738,39.8754,39.5937,39.7292,38.2108
10.5,38.82,39.7763,39.6735,40.3074,39.7779,39.7126,39.9228,38.4369
10.6,38.9984,39.9387,39.848,40.3976,39.9077,39.7388,40.0799,38.6195
10.7,39.2171,40.1342,40.006,40.5706,40.1522,39.9131,40.0767,38.9118
10.8,39.4232,40.3745,40.1251,40.804,40.2983,40.0165,40.2663,39.079
10.9,39.6224,40.6599,40.2544,40.9641,40.4664,40.2712,40.4706,39.2837
11.0,39.644,40.7942,40.4015,41.0744,40.6745,40.4358,40.6542,39.4931
11.1,39.8543,40.9388,40.5418,41.2159,40.8076,40.5552,40.8079,39.7384
11.2,39.9882,40.9936,40.4879,41.4094,40.7107,40.5781,40.8358,39.9791
11.3,40.1759,41.217,40.6861,41.6183,40.9369,40.6561,41.0526,40.1108
11.4,40.4202,41.2901,40.9019,41.7031,41.1991,40.6791,41.1047,40.2797
11.5,40.4458,41.3642,41.0454,41.813,41.325,40.695,40.9166,40.4859
11.6,40.4965,41.5198,41.2715,41.8792,41.3553,40.709,40.9762,40.5587
11.7,40.5885,41.633,41.4008,42.0966,41.3411,40.8608,41.0468,40.5841
11.8,40.7339,41.7281,41.537,42.3603,41.38,40.9545,41.151,40.7257
11.9,40.8313,41.9129,41.7751,42.4399,41.3883,41.1246,41.2169,40.7573
12.0,41.0257,41.979,41.9277,42.5664,41.3133,41.3029,41.288,40.8815
12.1,41.2191,42.146,42.1097,42.7607,41.0904,41.2658,41.4876,41.0598
12.2,41.373,42.2508,41.9326,42.9984,41.1312,41.4342,41.6773,41.2172
12.3,41.5455,42.3696,42.0038,43.1821,40.9809,41.4381,41.707,41.3767
12.4,41.692,42.4143,42.1633,43.3703,41.0846,41.5435,41.6944,41.5362
12.5,41.7533,42.5747,42.3075,43.5528,41.1761,41.5658,41.8311,41.6706
12.6,41.8572,42.7657,42.5167,43.5752,41.2577,41.7382,41.9509,41.6853
12.7,41.9653,42.6952,42.529,43.7739,41.282,41.8647,41.9469,41.6585
12.8,42.0618,42.7867,42.6072,43.9342,41.4368,41.9026,41.9615,41.753
12.9,42.0965,42.9012,42.5756,43.9703,41.6154,42.0906,42.039,41.8466
13.0,42.2172,42.9702,42.5247,44.0056,41.6237,42.1625,42.1543,41.8853
13.1,42.3922,43.0384,42.6273,44.0421,41.6752,42.1503,42.1518,41.9768
13.2,42.4586,43.1685,42.619,44.1053,41.839,42.2224,42.2212,42.2004
13.3,42.5511,43.2721,42.7415,44.2978,41.8541,42.2531,42.3433,42.3631
13.4,42.7009,43.3559,42.8373,44.3249,41.9292,42.3121,42.4989,42.2894
13.5,42.824,43.5055,42.9952,44.3624,42.0453,42.3429,42.4483,42.3914
13.6,42.9319,43.6561,43.1261,44.5351,42.088,42.509,42.5148,42.4271
13.7,43.0408,43.7803,43.1866,44.7165,42.0903,42.6744,42.5888,42.5553
13.8,43.1651,43.9216,43.3758,44.6975,42.2471,42.7905,42.6042,42.3923
13.9,43.2332,44.0387,43.442,44.7774,42.3332,42.8433,42.6867,42.4297
14.0,43.1913,44.0474,43.3639,44.8585,42.4045,42.8819,42.8037,42.5235
14.1,43.1582,43.9357,43.3652,44.9069,42.3284,42.8937,42.8091,42.4891
14.2,43.1053,43.9093,43.3089,45.0858,42.3678,42.7883,42.7498,42.5176
14.3,43.1208,43.6918,43.2668,45.187,42.3572,42.7084,42.7356,42.5058
14.4,43.1131,43.5956,43.2979,45.3283,42.3471,42.7079,42.7092,42.4139
14.5,42.9598,43.5174,43.3755,45.3274,42.3268,42.7315,42.6073,42.3432
14.6,42.9703,43.4713,43.4299,45.4566,42.3371,42.5466,42.4765,42.2333
14.7,42.9355,43.3762,43.5159,45.6054,42.363,42.3891,42.3851,42.1423
14.8,42.9418,43.3481,43.4851,45.6912,42.3638,42.2728,42.2719,42.0339
14.9,42.9416,43.1176,43.5454,45.8108,42.2419,42.1812,42.3026,42.0252
15.0,42.9196,43.032,43.7212,45.8416,42.2491,42.1074,42.2756,42.0154
15.1,42.9222,42.9859,43.5439,45.8402,42.2685,42.0491,42.2221,41.9477
15.2,42.8981,42.9782,43.6391,45.5486,42.3257,41.9615,42.163,41.8716
15.3,42.8789,42.974,43.8007,45.6772,42.293,41.9438,42.1427,41.8857
15.4,42.8356,42.9148,43.8547,45.8223,42.3471,41.9077,42.0991,41.8412
15.5,42.7852,42.9167,43.7856,45.9548,42.3671,41.8668,42.0434,41.8123
15.6,42.7734,42.8992,43.8634,46.0698,42.4913,41.8239,41.9908,41.83
15.7,42.6148,42.8417,44.0543,46.2234,42.5384,41.7646,41.9567,41.744
15.8,42.5698,42.6502,44.0483,46.2554,42.5291,41.7669,41.9222,41.6931
15.9,42.5533,42.6603,44.1784,46.3136,42.6613,41.5977,41.7822,41.7325
16.0,42.5268,42.4498,44.3331,46.3036,42.6264,41.4951,41.7322,41.7151
16.1,42.5312,42.3407,44.3686,46.1397,42.6529,41.4422,41.6757,41.5388
16.2,42.534,42.2262,44.4337,46.0208,42.6872,41.392,41.6614,41.4904
16.3,42.5315,42.201,44.5022,46.0576,42.7422,41.3896,41.6597,41.4778
16.4,42.5331,42.1288,44.5412,46.1587,42.6983,41.3427,41.622,41.4525
16.5,42.5195,42.0172,44.6832,46.1988,42.6481,41.2972,41.6127,41.4538
16.6,42.4302,42.0001,44.7525,46.0866,42.4832,41.2457,41.5835,41.331
16.7,42.424,41.9357,44.6284,46.2422,42.3873,41.2566,41.5298,41.1796
16.8,42.3906,41.9546,44.6018,46.1694,42.4082,41.2488,41.4795,41.1671
16.9,42.3887,41.969,44.6305,46.1389,42.4602,41.2376,41.3701,41.1531
17.0,42.3905,41.9497,44.5394,45.6915,42.4211,41.1895,41.3525,41.1232
17.1,42.3506,41.9396,44.426,45.6809,42.4231,41.0738,41.3664,41.1114
17.2,42.3399,41.8342,44.3401,45.4063,42.4125,41.0787,41.3371,41.1445
17.3,42.2068,41.8245,44.2461,45.286,42.4221,41.0215,41.3547,41.087
17.4,42.0889,41.7895,44.1093,45.4758,42.3505,40.9243,41.1403,41.0868
17.5,42.077,41.8163,44.1072,45.4283,42.351,40.7343,41.0389,40.9802
17.6,42.0347,41.8098,44.2158,45.5808,42.3176,40.5809,40.983,40.9461
17.7,42.0001,41.7412,44.2568,45.7155,42.3171,40.5352,40.8407,40.9362
17.8,41.8561,41.6864,44.3833,45.5039,42.2514,40.5228,40.8484,40.8618
17.9,41.8449,41.642,44.3741,45.6256,42.2877,40.5131,40.784,40.8685
18.0,41.8415,41.6205,44.4508,45.6431,42.2644,40.5143,40.8124,40.8603
18.1,41.7268,41.588,44.4345,45.7172,42.3487,40.4901,40.8136,40.8813
18.2,41.7276,41.4949,44.2752,45.2818,42.4436,40.4958,40.8143,40.8652
18.3,41.6939,41.4659,44.3506,45.1943,42.4348,40.4724,40.7845,40.8574
18.4,41.5452,41.3803,44.2613,45.3634,42.425,40.4538,40.7163,40.795
18.5,41.5504,41.3763,44.2406,45.2347,42.403,40.3472,40.622,40.8167
18.6,41.5372,41.3255,44.3137,45.1597,42.4591,40.3147,40.6286,40.769
18.7,41.5433,41.2612,44.311,45.1145,42.5228,40.2726,40.657,40.7813
18.8,41.5114,41.2578,44.2981,44.9567,42.5006,40.1739,40.6451,40.758
18.9,41.493,41.2628,44.3038,44.9795,42.6212,40.1798,40.6275,40.7826
19.0,41.4703,41.2129,44.1471,44.9108,42.6455,40.151,40.5747,40.7736
19.1,41.4395,41.1691,44.0622,44.8297,42.6244,39.9673,40.4444,40.7356
19.2,41.433,41.1056,43.8447,44.6161,42.5963,39.9923,40.435,40.7346
19.3,41.4137,41.0813,43.6654,44.1295,42.7044,39.9136,40.3825,40.7104
19.4,41.3572,40.9939,43.7695,44.0693,42.6998,39.8813,40.3568,40.6712
19.5,41.3537,40.9115,43.8652,44.1291,42.7463,39.8592,40.3399,40.6486
19.6,41.3427,40.8791,43.8886,44.3027,42.7719,39.8212,40.3291,40.6609
19.7,41.3406,40.6218,43.9928,44.4292,42.7231,39.6889,40.305,40.6224
19.8,41.3258,40.5882,43.9393,44.3496,42.7456,39.6699,40.1484,40.5952
19.9,41.3288,40.5937,43.632,44.2817,42.7561,39.5246,40.176,40.5767
20.0,41.2974,40.5516,43.7056,44.3672,42.8334,39.4696,40.0712,40.5116
20.1,41.2941,40.5106,43.6823,44.4412,42.8938,39.4067,40.0377,40.3981
20.2,41.2871,40.5018,43.6933,44.5203,42.8972,39.4161,40.021,40.4071
20.3,41.2639,40.4518,43.7859,44.6796,42.8427,39.3242,40.0026,40.3101
20.4,41.238,40.4057,43.7545,44.5444,42.887,39.3333,39.9732,40.2895
20.5,41.2446,40.2641,43.8173,44.5042,42.9648,39.2832,39.971,40.2789
20.6,41.233,40.2644,43.84,44.3503,43.0427,39.1587,39.9693,40.2496
20.7,41.2343,40.2135,43.8817,43.9926,43.042,39.1622,39.9496,40.232
20.8,41.2158,40.1933,43.8388,44.0564,42.9736,39.1276,39.8889,40.2286
20.9,41.193,40.1933,43.8527,44.1879,42.9685,39.1331,39.8911,40.2318
21.0,41.0507,40.1397,43.9279,44.1096,42.9025,39.1153,39.8939,40.2418
21.1,40.9306,40.1266,43.918,44.0488,42.8469,39.0655,39.8981,40.2498
21.2,40.9424,40.091,43.8993,44.1418,42.8895,39.0482,39.8864,40.234
21.3,40.8978,40.0533,43.9697,43.6747,42.9388,39.0254,39.8677,40.2088
21.4,40.8967,40.0232,44.0026,43.7587,42.9681,38.9665,39.8661,40.2047
21.5,40.8891,39.9953,43.967,43.5841,42.9533,38.9159,39.8863,40.1982
21.6,40.8746,39.9435,43.9528,43.5622,43.0147,38.9162,39.7905,40.2068
21.7,40.8693,39.9209,43.9354,43.4525,42.952,38.8999,39.7881,40.1322
21.8,40.8454,39.9137,43.9413,43.5199,42.9485,38.8952,39.7907,40.1318
21.9,40.8434,39.9167,43.82,43.5294,42.9797,38.8621,39.8289,40.1337
22.0,40.8322,39.8617,43.7463,43.4453,42.6809,38.8216,39.8139,40.119
22.1,40.8012,39.8151,43.7795,43.106,42.7219,38.8201,39.7683,40.0442
22.2,40.8054,39.7665,43.7296,43.0432,42.8082,38.7849,39.7275,40.0083
22.3,40.8053,39.7263,43.7042,42.9616,42.8888,38.7803,39.7112,40.0081
22.4,40.8078,39.6101,43.7831,42.9801,42.8188,38.7498,39.6868,39.9674
22.5,40.8078,39.5787,43.8461,42.5176,42.8331,38.7392,39.594,39.9142
22.6,40.8053,39.4381,43.9321,42.5345,42.8154,38.7028,39.5754,39.7563
22.7,40.7859,39.4472,43.9607,42.5448,42.9055,38.6981,39.5853,39.6421
22.8,40.7614,39.3902,43.9873,42.6075,42.9745,38.6944,39.5932,39.606
22.9,40.7378,39.2705,43.9204,42.5493,43.0125,38.674,39.5582,39.5181
23.0,40.7437,39.1061,43.9778,42.4028,43.0645,38.6334,39.551,39.4783
23.1,40.7402,38.8929,43.8914,42.4384,43.1043,38.609,39.5559,39.4822
23.2,40.7103,38.7613,43.832,42.4108,43.1168,38.579,39.5536,39.4654
23.3,40.7049,38.7373,43.8569,42.4419,43.1559,38.5037,39.5505,39.4001
23.4,40.7009,38.6853,43.7513,42.3939,43.1674,38.4849,39.557,39.3045
23.5,40.691,38.6378,43.7456,42.4502,43.1061,38.4733,39.5634,39.3041
23.6,40.6388,38.638,43.6815,42.4478,43.1516,38.4065,39.5293,39.3061
23.7,40.6474,38.5171,43.774,42.2656,43.1535,38.3948,39.5406,39.2383
23.8,40.6348,38.517,43.8282,42.1866,43.2478,38.3919,39.5414,39.1631
23.9,40.5974,38.4908,43.8726,42.2641,43.3009,38.352,39.4574,39.1702
24.0,40.6005,38.4774,43.887,41.9278,43.3281,38.3268,39.4322,39.1751
24.1,40.5888,38.445,43.6257,41.9457,43.3793,37.9583,39.0449,39.1734
24.2,40.5685,38.4324,43.6733,41.7312,43.3617,37.9275,39.0437,39.1738
24.3,40.556,38.4128,43.7238,41.7168,43.404,37.8535,39.0419,39.1805
24.4,40.5524,38.4122,43.7343,41.54,43.4146,37.8243,38.9913,39.1231
24.5,40.5395,38.4126,43.7776,41.5253,43.379,37.1422,38.9856,39.0764
24.6,40.457,38.3588,43.8445,41.4816,43.4154,37.1409,38.9682,39.0897
24.7,40.4621,38.2374,43.726,41.4252,43.3647,37.094,38.9534,39.0216
24.8,40.4591,38.18,43.8029,41.3498,43.4092,36.4035,38.945,38.9689
24.9,40.4537,38.1804,43.8394,41.2491,43.3625,35.7075,38.5604,38.9625
25.0,40.4554,38.1609,43.8716,41.1113,43.2985,35.385,37.8548,38.8904
25.1,40.4542,38.1653,43.8226,40.9375,43.3335,34.7138,37.8861,38.9131
25.2,40.4407,38.1627,43.7505,41.0219,43.3525,34.0499,37.9034,38.893
25.3,40.4125,38.1596,43.7073,41.0492,43.3547,34.0913,37.9334,38.9014
25.4,40.365,38.126,43.7202,40.9409,43.3876,34.1209,36.7564,38.9137
25.5,40.3744,38.0909,43.7988,40.8371,43.4631,33.8528,36.4452,38.8835
25.6,40.3708,38.0582,43.7382,40.7396,43.4605,33.1583,36.0494,38.8934
25.7,40.3762,38.0531,43.7393,40.7383,43.3699,32.149,34.6841,38.8853
25.8,40.2599,38.0532,43.7813,40.7053,43.3436,31.8164,34.4186,38.8273
25.9,40.2577,38.0244,43.6858,40.6483,43.3956,31.8681,34.4258,38.8424
26.0,40.242,37.9418,43.7573,40.6085,43.3823,31.8825,33.7062,38.8315
26.1,40.2364,37.9185,43.7708,40.3952,43.3822,31.5991,33.7248,38.8292
26.2,40.1954,37.9205,43.7968,40.4459,43.3428,30.901,33.3727,38.8451
26.3,40.1979,37.8432,43.8194,40.3684,43.3496,29.4725,32.9774,38.8558
26.4,40.1994,37.8293,43.8693,40.3798,43.3353,29.5592,32.2346,38.8748
26.5,40.1875,37.8018,43.9253,40.2907,43.3521,29.6453,31.9208,38.8368
26.6,40.1552,37.7576,43.9376,40.1792,43.3011,29.7314,31.5874,38.8424
26.7,40.1459,37.7576,43.956,40.2081,43.3221,29.4811,30.5858,38.7664
26.8,40.1256,37.7575,43.9775,40.1415,43.366,29.19,30.6679,38.6652
26.9,40.1283,37.7544,44.0193,40.0868,43.3882,29.1773,30.0565,38.6442
27.0,40.1137,37.7339,44.043,39.9692,43.4178,29.2271,29.8022,38.6285
27.1,40.1124,37.7036,44.0425,39.8077,43.3807,29.2975,29.8685,38.5365
27.2,40.1047,37.667,44.0419,39.7749,43.4045,29.3718,29.9663,38.5498
27.3,40.104,37.627,44.0226,39.6578,43.1963,29.4262,30.0279,38.5531
27.4,40.1044,37.5968,44.1091,39.6725,43.1695,29.4932,29.8297,38.5636
27.5,40.0946,37.5477,44.0791,39.7328,43.1954,29.5634,29.9151,38.5267
27.6,40.098,37.4716,44.0987,39.5474,43.1717,29.6055,29.9589,38.5339
27.7,40.0921,37.4756,44.1101,39.5302,43.215,29.6644,29.9837,38.4997
27.8,40.0785,37.4711,44.1317,39.4825,43.1758,29.6842,29.9923,38.517
27.9,40.071,37.4276,44.1381,39.4038,43.2264,29.7227,30.0463,38.5129
28.0,40.0677,37.4052,44.1645,39.4402,43.2543,29.8064,30.0619,38.5184
28.1,40.0434,37.3516,44.1299,39.3892,43.283,29.8762,30.0622,38.4964
28.2,40.0329,37.3218,44.1634,39.2443,43.1915,29.9552,30.0256,38.4827
28.3,40.0335,37.2893,44.1845,39.1722,43.1117,30.0112,30.0674,38.4123
28.4,40.0217,37.2785,44.1583,39.1335,43.1018,30.0861,30.0533,38.0956
28.5,40.0094,37.2416,44.1629,39.0771,43.1431,30.1099,30.0559,38.0747
28.6,40.0089,37.2359,44.1309,38.9978,43.1048,30.1336,30.0326,38.0844
28.7,39.9976,37.2401,44.158,38.9989,43.1386,30.2001,29.974,38.0091
28.8,39.9812,37.2405,44.2105,39.062,43.1475,30.2266,29.8927,38.0108
28.9,39.981,37.2004,44.2756,39.0853,43.2188,30.2978,29.9037,38.0124
29.0,39.9662,37.1905,44.3096,39.1001,43.2187,30.3221,29.8799,38.0158
29.1,39.9599,37.1749,44.275,39.0304,43.0049,30.3056,29.892,37.9092
29.2,39.9593,37.1566,44.267,39.0153,43.0224,30.3663,29.7614,37.8999
29.3,39.948,37.1571,44.3206,39.0833,43.0515,30.441,29.7457,37.5683
29.4,39.9383,37.1573,44.3482,38.989,43.0429,30.3965,29.7709,37.5755
29.5,39.9424,37.138,44.4043,38.9485,43.0422,30.4495,29.7933,37.5759
29.6,39.9342,37.1395,44.4364,38.9519,43.0822,30.4679,29.7153,37.1541
29.7,39.8174,37.1419,44.434,38.9163,43.0807,30.5454,29.6693,37.0731
29.8,39.8097,37.1339,44.4525,38.8515,43.1065,30.5371,29.6039,36.0194
29.9,39.8083,37.0908,44.4258,38.8608,43.1418,30.5974,29.6439,35.6379
30.0,39.795,36.9893,44.4264,38.5548,43.1892,30.6647,29.5531,35.2524
30.1,39.7944,36.982,44.4633,38.5181,43.0943,30.7149,29.5889,34.1953
30.2,39.7907,36.9745,44.4833,38.5527,43.0911,30.7273,29.5894,32.7856
30.3,39.7975,36.9571,44.4954,38.3326,43.0878,30.807,29.4993,32.8114
30.4,39.7934,36.9258,44.526,38.2799,43.1339,30.8168,29.4387,31.7741
30.5,39.7865,36.9069,44.5428,38.2573,43.1595,30.8503,29.3963,30.6663
30.6,39.7854,36.9072,44.5446,38.1755,43.1377,30.8975,29.309,29.9827
30.7,39.7845,36.9077,44.4877,38.0136,43.1941,30.9236,29.303,29.0123
30.8,39.7764,36.8962,44.5274,37.9047,42.9792,30.98,29.2519,28.2186
30.9,39.7684,36.8963,44.5579,37.742,43.0219,30.9924,29.2907,26.9347
31.0,39.7366,36.8482,44.4819,37.718,43.0762,31.0361,29.2869,25.978
31.1,39.7426,36.7918,44.5105,37.6932,43.0936,31.0792,29.18,25.3779
31.2,39.7336,36.7526,44.3639,37.69,43.1187,31.1009,29.2029,25.429
31.3,39.7173,36.724,44.3848,37.585,43.0272,31.0323,29.2129,25.361
31.4,39.7056,36.6987,44.4343,37.4929,43.0565,30.6369,29.2088,25.3858
31.5,39.7109,36.699,44.4617,37.4953,42.9981,30.7169,29.1694,25.452
31.6,39.6988,36.6993,44.4825,37.4497,43.0037,30.6781,29.1503,25.4972
31.7,39.6956,36.6997,44.5133,37.3415,43.0066,30.6586,29.181,25.1979
31.8,39.6931,36.6807,44.5597,37.324,43.0002,30.7243,29.1083,25.1392
31.9,39.6026,36.6793,44.5834,37.2,43.0269,30.776,29.1218,25.2072
32.0,39.5968,36.5793,44.5926,37.0788,43.053,30.8138,28.9754,25.2939
32.1,39.5803,36.5797,44.5361,37.0333,43.0907,30.8862,28.9286,25.0043
32.2,39.5779,36.58,44.5531,37.0439,43.0355,30.9322,28.8922,25.0836
32.3,39.5817,36.5701,44.5614,37.0252,43.0669,30.9772,28.8437,25.0519
32.4,39.5773,36.5091,44.6145,36.992,43.0791,31.0234,28.8913,25.0941
32.5,39.5753,36.4725,44.6129,36.9565,43.1112,31.0464,28.8428,25.1452
32.6,39.5648,36.417,44.5957,36.9455,43.1121,31.0857,28.8347,25.166
32.7,39.5699,36.3684,44.6569,36.9357,43.1449,31.1347,28.7774,25.2143
32.8,39.5655,36.3208,44.5639,36.9562,43.1257,31.1831,28.7556,25.2402
32.9,39.5599,36.3264,44.6255,36.935,43.1501,31.097,28.7622,25.3203
33.0,39.5368,36.2589,44.6085,36.9075,43.0786,31.1325,28.778,25.283
33.1,39.5203,36.2385,44.5292,36.9029,43.0982,31.1606,28.8334,25.3419
33.2,39.5246,36.2309,44.5561,36.9031,43.1257,31.151,28.8812,25.4219
33.3,39.5117,36.2141,44.5963,36.8461,43.0891,31.0953,28.8244,25.4715
33.4,39.5021,36.2126,44.5816,36.8464,43.1195,30.968,28.8521,25.5171
33.5,39.5013,36.2216,44.6113,36.7982,42.9527,30.9011,28.9014,25.5133
33.6,39.501,36.2235,44.5326,36.754,42.9449,30.8369,28.787,25.5882
33.7,39.4987,36.2127,44.5175,36.6902,42.8763,30.8541,28.8117,25.6326
33.8,39.4928,36.2116,44.3678,36.5937,42.8431,30.8238,28.7979,25.699
33.9,39.4859,36.1819,44.2615,36.5258,42.8747,30.7384,28.846,25.7701
34.0,39.4845,36.089,44.297,36.4971,42.8847,30.6414,28.6954,25.8417
34.1,39.4107,36.084,44.3289,36.4962,42.897,30.6091,28.7391,25.9007
34.2,39.4122,36.0586,44.1226,36.446,42.8976,30.55,28.7137,25.9311
34.3,39.3993,36.0211,44.0349,36.4009,42.8874,30.5081,28.6758,25.5719
34.4,39.3971,35.9648,44.0558,36.3936,42.8924,30.4854,28.7006,25.6205
34.5,39.3935,35.9681,43.667,36.4153,42.8977,30.3954,28.7492,25.6502
34.6,39.3864,35.9695,43.5202,36.4474,42.9165,30.3601,28.7061,25.6361
34.7,39.3829,35.9503,43.5122,36.441,42.9632,30.3277,28.5836,25.6831
34.8,39.3745,35.9398,43.5367,36.4053,42.967,30.3153,28.5086,25.701
34.9,39.379,35.9325,43.6049,36.4273,43.0001,30.3067,28.5335,25.7382
35.0,39.3655,35.8448,43.6073,36.4235,43.0151,30.2293,28.4511,25.7498
35.1,39.3568,35.8014,43.6082,36.4096,42.9986,30.1803,28.3984,25.7994
35.2,39.3454,35.8027,43.606,36.3885,42.9743,30.1974,28.2234,25.8346
35.3,39.3419,35.7872,43.6376,36.3719,42.8779,30.0699,28.2694,25.898
35.4,39.3333,35.7872,43.6774,36.3787,42.8741,30.058,28.2466,25.9628
35.5,39.339,35.7346,43.671,36.3745,42.9267,29.9459,28.1971,25.9264
35.6,39.3325,35.6741,43.6887,36.2716,42.9039,29.9575,28.1064,25.5355
35.7,39.3323,35.6745,43.6919,36.2716,42.9062,29.948,28.1393,25.5362
35.8,39.3337,35.6585,43.6875,36.2518,42.8868,29.9262,28.1356,25.6054
35.9,39.3238,35.649,43.7118,36.2347,42.7852,29.8909,28.1529,25.5765
36.0,39.316,35.6177,43.7579,36.2304,42.8127,29.6549,28.0515,25.5263
36.1,39.3098,35.6156,43.6767,36.2601,42.8239,29.6726,27.8553,25.4844
36.2,39.297,35.5967,43.697,36.2886,42.8209,29.6702,27.8452,25.536
36.3,39.2989,35.5709,43.6616,36.3209,42.84,29.6756,27.8805,25.5919
36.4,39.2766,35.5594,43.7088,36.3316,42.8039,29.6513,27.8845,25.6309
36.5,39.2674,35.5613,43.719,36.3329,42.8443,29.4453,27.8349,25.6968
36.6,39.2681,35.4736,43.7085,36.3247,42.8525,29.3221,27.88,25.6891
36.7,39.2569,35.4738,43.5724,36.3367,42.8732,29.3382,27.9218,25.6871
36.8,39.239,35.4749,43.5889,36.3541,42.8946,29.2771,27.9543,25.777
36.9,39.1842,35.475,43.6123,36.2769,42.9141,29.264,27.8967,25.7702
37.0,39.1771,35.476,43.566,36.2752,42.955,29.1915,27.9171,25.7185
37.1,39.1702,35.4655,43.5924,36.3217,42.9774,29.1908,27.9841,25.7177
37.2,39.1728,35.4694,43.5775,36.3443,42.9969,29.1641,27.9337,25.7841
37.3,39.1672,35.4504,43.5986,36.2822,42.9903,29.2006,27.9664,25.7624
37.4,39.1587,35.393,43.665,36.3054,43.0008,29.2271,28.0193,25.7363
37.5,39.1552,35.3837,43.6597,36.3001,42.9619,29.2333,28.0648,25.757
37.6,39.1546,35.3721,43.6716,36.351,42.9515,29.1518,28.0888,25.7439
37.7,39.1444,35.3539,43.6714,36.3462,42.9033,29.1554,28.0718,25.8066
37.8,39.1483,35.3604,43.7147,36.304,42.9251,29.1315,28.0386,25.8565
37.9,39.151,35.3096,43.7464,36.2917,42.958,29.0928,28.0767,25.8398
38.0,39.1479,35.3046,43.7416,36.2857,42.9743,29.0488,28.1215,25.8946
38.1,39.1174,35.3108,43.7468,36.2909,43.003,28.9941,28.1771,25.9412
38.2,39.1145,35.3025,43.7426,36.3255,43.0371,28.9516,28.2169,25.9854
38.3,39.0207,35.3058,43.7537,36.2794,43.0047,28.7908,28.2744,25.9938
38.4,39.0224,35.276,43.7557,36.2876,42.9788,28.6855,28.211,25.9817
38.5,39.0253,35.25,43.7277,36.3153,43.005,28.6529,28.254,26.0236
38.6,39.027,35.2549,43.7246,36.3616,42.9966,28.6572,28.3015,26.0296
38.7,39.0152,35.2591,43.7232,36.3004,43.0251,28.6787,28.2175,26.0375
38.8,39.0165,35.2592,43.7701,36.3454,43.0456,28.6613,28.2654,26.1068
38.9,39.0128,34.7508,43.7655,36.329,43.0603,28.5849,28.3029,26.1576
39.0,39.0087,34.2823,43.7831,36.331,43.0985,28.5925,28.3559,26.164
39.1,39.0041,34.2775,43.8123,36.3105,43.0848,28.6004,28.3934,26.186
39.2,39.0047,34.2283,43.8186,36.2819,43.0236,28.5223,28.2969,26.238
39.3,39.0049,33.2601,43.838,36.2355,43.0484,28.4585,28.3222,26.2895
39.4,38.9989,32.852,43.8481,36.2358,43.0729,28.4778,28.2893,25.9925
39.5,38.9964,32.8474,43.8276,36.2016,43.074,28.4118,28.3252,25.686
39.6,38.9959,32.79,43.8243,36.1818,43.1088,28.268,28.3451,25.6032
39.7,38.9837,32.7885,43.4376,36.1059,43.1392,28.1931,28.3934,25.6341
39.8,38.9822,32.8006,43.4115,36.1392,43.1747,28.1727,28.4102,25.6768
39.9,38.981,32.8159,43.4405,36.1688,43.13,28.182,28.4696,25.7488
40.0,38.9852,32.8101,43.4589,36.1767,43.1167,28.0356,28.4893,25.8118
40.1,38.9828,32.8254,43.4962,36.1498,43.0971,27.9816,28.5297,25.8252
40.2,38.9843,31.8888,43.469,36.1738,42.9813,28.049,28.5711,25.8545
40.3,38.978,31.8954,43.457,36.2116,42.9906,28.0949,28.602,25.9267
40.4,38.974,31.4444,43.4508,36.2148,42.991,28.1023,28.6341,25.9933
40.5,38.9764,30.4177,43.4759,36.2457,43.0339,28.1127,28.6672,26.0258
40.6,38.9128,29.942,43.3515,36.2117,43.0333,28.1203,28.676,26.0867
40.7,38.9105,29.967,43.3189,36.1226,43.0163,27.9968,28.6562,26.1606
40.8,38.9096,28.6909,43.3265,36.1283,43.0215,28.0581,28.6826,26.206
40.9,38.909,27.7341,43.3528,36.1001,42.9961,28.0633,28.726,26.1752
41.0,38.9011,27.7659,43.3276,36.0846,43.0268,28.0739,28.7944,26.1939
41.1,38.9041,27.7687,43.3371,36.0755,43.0474,28.0468,28.8141,26.2387
41.2,38.8961,27.3398,43.3534,36.0156,43.0671,28.092,28.8562,26.1681
41.3,38.8984,26.0667,43.3818,36.0325,43.0814,28.1458,28.8487,26.2306
41.4,38.8983,25.6597,43.3778,36.0425,42.8733,28.2154,28.8749,26.2913
41.5,38.8862,25.2435,43.3831,36.0988,42.8983,28.2314,28.8762,26.3684
41.6,38.8869,24.368,43.3898,36.1222,42.9287,28.2312,28.8707,26.4005
41.7,38.8885,23.5663,43.3752,36.1037,42.9162,27.9879,28.8809,26.4502
41.8,38.8808,23.1609,43.3908,36.0959,42.9393,27.8802,28.9202,26.5199
41.9,38.8775,22.7387,43.4042,36.121,42.9606,27.8749,28.9566,26.5701
42.0,38.8755,21.9571,43.4344,36.1039,42.9943,27.8984,28.9946,26.6092
42.1,38.8725,22.04,43.4402,36.1057,42.9196,27.8256,29.0223,26.6637
42.2,38.8725,22.1179,43.4381,36.1326,42.9556,27.8771,29.0527,26.2662
42.3,38.8651,22.1791,43.4604,36.1113,42.9403,27.9222,29.1071,26.2634
42.4,38.8546,22.2573,43.4723,36.0938,42.9461,27.7746,29.1287,26.3286
42.5,38.851,22.3344,43.4744,36.1097,42.9258,27.7538,29.1304,26.3806
42.6,38.8456,22.4072,43.4234,36.0824,42.9091,27.745,29.1575,26.418
42.7,38.847,22.4857,43.4093,36.0562,42.9322,27.7096,29.1184,26.4604
42.8,38.8441,22.5531,43.417,36.0673,42.9036,27.4319,29.1661,26.5249
42.9,38.8374,22.5758,43.4475,36.0893,42.936,27.4709,29.1704,26.5705
43.0,38.8287,22.6574,43.4657,36.003,42.9859,27.5307,29.1125,26.6311
43.1,38.8233,22.7416,43.4654,36.0295,42.922,27.537,29.059,26.5898
43.2,38.8214,22.8184,43.4901,35.9929,42.9438,27.5298,29.0789,26.5913
43.3,38.8002,22.8716,43.5144,35.9484,42.9588,27.5772,29.0709,26.6434
43.4,38.8004,22.9372,43.5417,35.951,42.9836,27.3766,29.1162,26.6951
43.5,38.7902,23.0179,43.4409,35.9354,43.0024,27.3948,29.1543,26.7433
43.6,38.7835,23.0809,43.4764,35.9118,42.9709,27.2796,29.1795,26.7866
43.7,38.7805,23.1733,43.451,35.9497,42.9854,27.3295,29.187,26.8606
43.8,38.7812,23.2475,43.4527,35.9655,42.9766,27.3017,29.1403,26.9064
43.9,38.7857,23.2697,43.4761,35.9757,42.989,27.3039,29.1451,26.953
44.0,38.7772,23.3284,43.4776,35.9443,42.9666,27.3411,29.0605,27.0085
44.1,38.7742,23.3702,43.5074,35.8993,42.9592,27.3847,29.1061,27.0832
44.2,38.7714,23.0392,43.4497,35.927,42.9581,27.3073,29.0688,27.1188
44.3,38.7605,23.1196,43.4292,35.9647,42.8801,27.319,29.1266,27.183
44.4,38.7603,23.1632,43.4164,35.9518,42.8887,27.2539,29.0939,27.1998
44.5,38.7625,23.1978,43.4377,35.9825,42.9018,27.268,29.1207,27.2654
44.6,38.7621,23.2686,43.4552,35.9553,42.9062,27.3309,29.1659,27.3055
44.7,38.752,22.8982,43.4791,35.9302,42.9118,27.3449,29.1834,27.3592
44.8,38.7486,22.985,43.499,35.9565,42.9163,27.3653,29.1977,27.408
44.9,38.7466,23.0585,43.5186,35.9648,42.9415,27.3924,29.2407,27.4533
45.0,38.745,23.1294,43.4863,35.9724,42.9522,27.3638,29.0992,27.4982
45.1,38.7434,23.1707,43.4967,35.9382,42.9706,27.3642,29.1375,27.4844
45.2,38.7417,23.2383,43.5228,35.9411,42.8696,27.3749,28.9696,27.5518
45.3,38.7381,23.2913,43.5363,35.9306,42.8989,27.3705,28.9913,27.5179
45.4,38.7358,23.3506,43.5443,35.9406,42.9016,27.3725,29.0108,27.5211
45.5,38.7328,23.4181,43.5466,35.9279,42.8979,27.3058,29.0525,27.5735
45.6,38.7282,23.4599,43.5448,35.9207,42.9026,27.2628,29.1009,27.6284
45.7,38.7221,23.5134,43.5103,35.9233,42.8835,27.264,29.1328,27.6372
45.8,38.7239,23.5712,43.543,35.9053,42.9211,27.2692,29.1573,27.6855
45.9,38.7125,23.5962,43.5492,35.8956,42.9469,27.0834,29.2103,27.6976
46.0,38.7118,23.651,43.5535,35.8904,42.9528,27.1292,29.2032,27.7383
46.1,38.7055,23.6968,43.5053,35.8986,42.9347,27.0977,29.1865,27.7598
46.2,38.7107,23.7582,43.5043,35.8929,42.9501,27.1149,29.1779,27.7807
46.3,38.7101,23.7969,43.5322,35.8406,42.9227,27.119,29.1579,27.8084
46.4,38.7128,23.8488,43.5268,35.8597,42.9197,27.1079,29.209,27.829
46.5,38.7127,23.9032,43.5511,35.8688,42.9269,27.0429,29.2079,27.8195
46.6,38.7079,23.9301,43.547,35.8513,42.9255,27.0713,29.1559,27.8702
46.7,38.7079,23.9836,43.5471,35.8079,42.9229,27.0376,29.1268,27.9288
46.8,38.687,24.0545,43.564,35.8131,42.9282,27.084,29.0285,27.9281
46.9,38.6869,24.0954,43.5653,35.8226,42.9537,27.0825,29.0538,27.8853
47.0,38.6892,24.1312,43.6006,35.8322,42.9079,27.0936,29.0598,27.9405
47.1,38.6681,23.6123,43.4718,35.7636,42.8929,27.1405,29.0394,27.9907
47.2,38.6705,23.5765,43.3696,35.7666,42.8954,27.1796,29.0045,28.0299
47.3,38.666,23.6186,43.3431,35.7367,42.92,27.1865,29.03,28.0628
47.4,38.659,23.6536,43.3532,35.7442,42.9259,27.2249,29.0084,28.1024
47.5,38.6319,23.7089,43.2935,35.6291,42.8409,27.2116,29.0403,28.1572
47.6,38.6192,23.7445,43.3094,35.596,42.846,27.2216,29.0828,28.2102
47.7,38.6214,23.3578,43.3155,35.6011,42.8561,27.2545,29.0906,28.2568
47.8,38.6206,22.9958,43.2827,35.6248,42.8711,27.2098,29.1121,28.3055
47.9,38.6195,23.0642,43.3094,35.6294,42.8867,27.2279,29.1618,28.3597
48.0,38.6157,23.1036,43.3165,35.656,42.9009,27.2907,29.1915,28.405
48.1,38.6052,23.1714,43.2541,35.6708,42.9317,27.3225,29.2518,28.4211
48.2,38.6034,23.1938,43.2447,35.6465,42.9036,27.376,29.2529,28.365
48.3,38.6062,23.2637,43.2373,35.6549,42.9163,27.4211,29.2661,28.4142
48.4,38.5999,23.2937,43.234,35.6317,42.9301,27.4558,29.2924,28.4362
48.5,38.6012,23.3411,43.2079,35.6105,42.9044,27.4884,29.3194,28.4805
48.6,38.593,23.3913,43.207,35.5802,42.883,27.4574,29.3692,28.5132
48.7,38.5919,23.3546,43.1506,35.5248,42.9026,27.482,29.3716,28.5653
48.8,38.5938,22.8862,43.1744,35.5138,42.8612,27.4215,29.4068,28.6125
48.9,38.5917,22.4535,43.1966,35.4775,42.8417,27.2982,29.4227,28.6317
49.0,38.5874,22.5029,43.2059,35.4972,42.7637,27.3264,29.4573,28.6651
49.1,38.5878,22.03,43.2125,35.4868,42.7545,27.3552,29.5052,28.7083
49.2,38.5838,22.0838,43.2265,35.5352,42.731,27.3795,29.5447,28.7586
49.3,38.5819,22.1374,43.2045,35.509,42.735,27.3989,29.5672,28.7812
49.4,38.5699,22.1456,43.1874,35.5157,42.7194,27.4292,29.5969,28.8414
49.5,38.5617,22.2122,43.2088,35.5128,42.7306,27.4589,29.3679,28.8371
49.6,38.5605,22.2462,43.2149,35.4853,42.7254,27.5109,29.4132,28.8773
49.7,38.5617,22.2638,43.2011,35.5181,42.6763,27.5152,29.4452,28.9244
49.8,38.5648,22.3133,43.2135,35.5139,42.6842,27.5454,29.4933,28.7411
49.9,38.5641,22.3573,43.0949,35.4779,42.7022,27.5628,29.5402,28.7966
50.0,38.5627,22.3527,43.1152,35.4667,42.7395,27.5856,29.5085,28.8349
50.1,38.5626,22.3895,43.1345,35.4585,42.7574,27.6234,29.5094,28.6097
50.2,38.5601,22.4143,43.1223,35.474,42.7627,27.6468,29.5475,28.6545
50.3,38.562,22.4268,43.1282,35.4793,42.698,27.6903,29.581,28.705
50.4,38.5577,22.4391,42.3666,35.459,42.6871,27.7263,29.5941,28.7552
50.5,38.5484,22.4408,42.3845,35.4486,42.6783,27.7209,29.625,28.8008
50.6,38.5465,22.4808,42.399,35.4046,42.6565,27.7081,29.6594,28.829
50.7,38.5434,22.5114,42.3576,35.3936,42.6695,27.7349,29.6948,28.8647
50.8,38.5278,22.5539,42.3341,35.3819,42.6827,27.7692,29.7175,28.8843
50.9,38.52,22.595,42.35,35.369,42.6936,27.7912,29.7578,28.8999
51.0,38.5199,22.6376,42.2949,35.3754,42.7044,27.8255,29.7756,28.9458
51.1,38.5203,22.6435,42.3223,35.3292,42.7199,27.8413,29.7987,28.9752
51.2,38.515,22.6374,42.316,35.3277,42.7164,27.837,29.8375,29.0136
51.3,38.5121,22.6719,42.3292,35.3544,42.733,27.8613,29.8668,29.0726
51.4,38.5029,22.7021,42.2874,35.3429,42.7332,27.8779,29.9031,29.1156
51.5,38.5035,22.7094,42.3019,35.3456,42.7452,27.8778,29.9229,29.139
51.6,37.9826,22.695,42.2805,35.3382,42.7513,27.8716,29.9383,29.1781
51.7,37.9857,22.6894,42.285,35.3332,42.7811,27.8666,29.8355,29.2251
51.8,37.9805,22.7399,42.2899,35.3599,42.8038,27.8517,29.8682,29.2503
51.9,37.9826,22.7067,42.2964,35.3521,42.7818,27.7949,29.9012,29.2808
52.0,37.981,22.6895,42.3161,35.3757,42.7828,27.8119,29.9201,29.3155
52.1,37.9797,22.7292,42.2473,35.342,42.7363,27.8327,29.9512,29.3406
52.2,37.981,22.7714,42.2761,34.7742,42.7307,27.6241,29.9838,29.0769
52.3,37.9662,22.8166,42.2819,34.778,42.7475,27.5177,29.9934,29.1113
52.4,37.9659,22.7843,42.3012,34.7424,42.7198,27.5519,30.021,29.1438
52.5,37.4955,22.8328,42.2456,34.7077,42.7256,27.5636,30.0441,29.1886
52.6,36.5676,22.8679,42.2691,34.6677,42.7371,27.5972,30.0889,29.243
52.7,36.5502,22.9172,42.2348,34.7194,42.7345,27.5834,30.1137,29.2707
52.8,36.5592,22.9439,42.2369,34.6803,42.7544,27.6103,30.1144,29.3137
52.9,36.5653,22.9829,42.233,34.6907,42.7635,27.6304,30.1263,29.3507
53.0,36.5659,23.0084,42.2502,34.7097,42.776,27.5758,30.1634,29.3908
53.1,36.1422,23.0138,42.2607,34.7065,42.7903,27.6137,30.2118,29.419
53.2,35.6546,23.0548,42.2673,34.6394,42.7954,27.6011,30.244,29.4525
53.3,35.6556,23.0979,42.2948,34.6759,42.8048,27.5937,30.2543,29.4957
53.4,35.206,23.1489,42.2937,34.6959,42.7982,27.6174,30.3007,29.5144
53.5,35.2101,23.1602,42.2716,34.6326,42.824,27.6102,30.306,29.5445
53.6,35.2138,23.1296,42.2748,34.6311,42.8201,27.6404,30.2867,29.5843
53.7,34.2847,23.147,42.2931,34.6522,42.8249,27.6215,30.3053,29.6118
53.8,34.2927,23.2001,42.3105,34.6491,42.812,27.6069,30.332,29.6474
53.9,34.2974,23.2405,42.3182,34.6429,42.8379,27.6279,30.3541,29.6536
54.0,32.9805,23.2737,42.3207,34.5941,42.8439,27.6283,30.3752,29.6809
54.1,32.494,23.3196,42.3328,34.5833,42.834,27.6468,30.4189,29.7166
54.2,32.0993,23.3615,42.3328,34.5955,42.8493,27.6711,30.4281,29.7508
54.3,32.1025,23.3923,42.353,34.5783,42.8094,27.7032,30.4585,29.7972
54.4,31.6236,23.418,42.3419,34.5838,42.8068,27.7365,30.4631,29.7234
54.5,31.629,23.4558,42.361,34.6038,42.8203,27.6019,30.5,29.7648
54.6,30.214,23.4807,42.348,34.5893,42.8502,27.6156,30.5386,29.7998
54.7,29.7093,23.4922,42.3764,34.5922,42.8579,27.6134,30.5794,29.7717
54.8,28.8922,23.5383,42.3844,34.5358,42.8648,27.6258,30.5863,29.7882
54.9,28.4645,23.5707,42.3861,34.5159,42.8753,27.6537,30.6134,29.7933
55.0,28.0542,23.6135,42.3845,34.4982,42.8877,27.6585,30.6311,29.7913
55.1,28.0725,23.6154,42.3945,34.4589,42.873,27.6191,30.6335,29.8319
55.2,27.5946,23.6584,42.3891,34.4653,42.8814,27.655,30.6363,29.8534
55.3,27.5825,23.6786,42.3811,34.485,42.9081,27.6918,30.6739,29.8772
55.4,26.1914,23.7199,42.3896,34.4657,42.7718,27.7118,30.685,29.9175
55.5,25.7834,23.7546,42.4077,34.4536,42.7706,27.706,30.7103,29.9377
55.6,24.8782,23.7828,42.4187,34.4613,42.8024,27.7466,30.7525,29.974
55.7,24.8938,23.8161,42.3916,34.4672,42.7955,27.7785,30.7888,30.0144
55.8,23.5168,23.8348,42.4071,34.4525,42.7877,27.773,30.7869,30.0486
55.9,22.7408,23.8396,42.3916,34.4328,42.7659,27.745,30.7854,30.0775
56.0,22.7643,23.882,42.3908,34.421,42.7829,27.7368,30.8003,30.1026
56.1,21.8909,23.9245,42.3858,34.4042,42.7877,27.7406,30.842,30.0621
56.2,21.8992,23.9642,42.3998,34.3805,42.7807,27.7563,30.8811,30.1054
56.3,20.0982,24.0065,42.3663,34.3845,42.7707,27.7477,30.9146,30.1261
56.4,20.1278,24.0365,42.3707,34.3759,42.7627,27.7069,30.947,30.1496
56.5,19.1752,24.017,42.3976,34.365,42.7911,27.7071,30.956,30.1817
56.6,17.8692,24.0381,42.3054,34.3787,42.7667,27.7324,30.9823,30.2209
56.7,17.4679,24.0593,42.3143,34.365,42.7588,27.7396,30.9864,30.2537
56.8,16.6785,24.1003,42.3163,34.3681,42.7588,27.7239,30.9936,30.2808
56.9,16.3216,24.1106,42.3291,34.331,42.7286,27.7435,30.8801,30.3309
57.0,16.3719,24.1155,42.3363,34.3,42.7359,27.7412,30.8931,30.3546
57.1,16.4079,24.1503,42.3374,34.294,42.7241,27.7549,30.9067,30.4014
57.2,16.4336,24.181,42.3247,34.2809,42.7578,27.7911,30.9301,30.4407
57.3,16.0743,24.2187,42.3477,34.2729,42.7531,27.8074,30.9682,30.467
57.4,16.1065,24.2318,42.3515,34.2422,42.7311,27.8044,30.9896,30.5055
57.5,16.139,24.2691,42.3639,34.2382,42.7384,27.8405,31.0211,30.5376
57.6,16.1628,24.3103,42.3524,34.2525,42.7442,27.866,31.0435,30.568
57.7,16.192,24.3473,42.3624,34.2539,42.7545,27.8502,31.0745,30.6082
57.8,16.2134,24.3855,42.3518,34.2549,42.7623,27.8414,31.0926,30.6346
57.9,16.2384,24.4147,42.3514,34.2357,42.778,27.8078,31.0734,30.6635
58.0,16.2607,24.4491,42.3649,34.2225,42.7619,27.8201,31.1209,30.6978
58.1,16.2859,24.4203,42.3728,34.2314,42.7367,27.8329,31.148,30.7341
58.2,16.3134,24.4581,42.3727,34.2202,42.7555,27.8171,31.1759,30.7685
58.3,16.3469,24.4884,42.3775,34.2131,42.6393,27.8471,31.1708,30.8
58.4,16.3477,24.5064,42.3828,34.2054,42.6512,27.8515,31.1886,30.8242
58.5,16.3958,24.5364,42.4047,34.2088,42.6417,27.8519,31.2267,30.8225
58.6,16.4337,24.5789,42.3961,34.1948,42.6463,27.8803,31.1867,30.8504
58.7,16.4843,24.6176,42.4146,34.1792,42.6561,27.8881,31.2187,30.8672
58.8,16.5151,24.657,42.3937,34.1555,42.6403,27.7827,31.2487,30.896
58.9,16.5483,24.6794,42.3637,34.1445,42.6421,27.8151,31.2728,30.9308
59.0,16.5699,24.7261,42.3728,34.1637,42.6486,27.8208,31.2943,30.9542
59.1,16.6054,24.7569,42.3909,34.1808,42.6175,27.8473,31.3312,30.9774
59.2,16.6354,24.7863,42.3883,34.1827,42.621,27.8201,31.3562,30.8865
59.3,16.6397,24.8155,42.3887,34.1797,42.596,27.8369,31.3974,30.9056
59.4,16.6736,24.846,42.4149,34.1912,42.5921,27.8447,31.4236,30.9451
59.5,16.7155,24.8768,42.4046,34.1619,42.6062,27.8639,31.4522,30.9753
59.6,16.7444,24.889,42.4217,34.1739,42.5975,27.8399,31.4467,31.005
59.7,16.7808,24.9291,42.4335,34.154,42.6184,27.8687,31.4442,31.0476
59.8,16.8301,24.959,42.439,34.1822,42.5707,27.8927,31.4642,31.0822
59.9,16.8777,25.0001,42.4464,34.1688,42.6008,27.9046,31.4742,31.097
60.0,16.9222,25.0302,42.4607,34.1552,42.6087,27.9192,31.5053,31.1282
60.1,16.9628,25.0631,42.4668,34.124,42.5907,27.9259,31.5344,31.1697
60.2,16.9903,25.092,42.4014,34.1246,42.6015,27.9358,31.5706,31.1893
60.3,17.0173,25.1354,42.3861,34.0972,42.6252,27.9377,31.6027,31.217
60.4,17.055,25.1754,42.3768,34.0963,42.6242,27.9428,31.6303,31.2304
60.5,17.0796,25.2191,42.3795,34.1213,42.6171,27.967,31.6671,31.24
60.6,17.0807,25.2342,42.3904,34.1342,42.6426,27.949,31.679,31.2788
60.7,17.1072,25.2706,42.4073,34.0776,42.6509,27.9508,31.7071,31.3204
60.8,17.1336,25.3052,42.3777,34.1028,42.6496,27.9648,31.7202,31.3513
60.9,17.1552,25.3266,42.3818,34.0974,42.6533,27.9487,31.7382,31.3832
